review_id,app_key,rating,review_text,text_length,split,churn_intent,labeler
ed389ed0-2245-4b31-bc1f-f3d3fd79038a,paytm,1,"App closes saying there is a screen sharing app on the phone. I know and I accept the risk as it is needed for my business as much as I would use PayTm. There should be option to lets users decide instead of terminating. not a right product design. had to uninstall PayTm since its useless now. UPDATE 13Sep26 18:33 - Clicking your link to log ticket takes me to PayTm app which closes. Tried browser and to login , it asked me scanning QR from PayTm app that closes. Need email to share screenshots",499,churn_boost,True,ai_v1
3648c8de-b2de-4e5d-a344-bfe3e3dd00b6,gpay,1,I'm using this app from last 3 years but not a single paisa payback... like you say cash back.. going to uninstall and looking forward to something else,152,churn_boost,True,ai_v1
089a2cf0-aa99-4f13-a204-038db08fe505,paytm,4,"61007 error, app not working. I have not rooted my phone. Uninstall, and re install. Issue , resolved. Thanks to Reddit.",120,churn_boost,False,ai_v1
02db9039-60d7-4bbf-a310-b87e427ce19f,gpay,1,using gpay from many year now unnecessary they will scam by doing auto to many apps with out any confirmation I lost so much of amount after noticing that i checked history then. I came to know the scam so do not recommend this app it's not safer I lost all my money and just uninstalled,287,churn_boost,True,ai_v1
d61cd334-3d95-4bf9-9ea6-84a3adadac21,phonepe,3,I has been using it for long time without any issue. recently it is hanging a lot during transactions. moving to gpay,117,churn_boost,True,ai_v1
7768f9e7-d634-471f-93f6-4a1f728ff068,gpay,1,For the last 15 days I entered the right upi pin for the transaction but every time it shows the wrong pin . i reset upi pin and try it another day but my problem can't be solved. i complain about the transaction issue in the upi payment but they also can't solve the problem. they said there is some apps problem. don't know what to do right now. I think I should delete this app,380,churn_boost,False,ai_v1
d0fc4b75-6d85-4dfa-ace4-5252b25b87c7,phonepe,1,"Displayed an offer with cashback without any terms and conditions along with it and when I did the payment and did not the cashback, I was told that I did not fulfill the requirement. Even after escalating the issue I got no satisfactory response so now I have uninstalled the app and will suggest everyone never to use it as well.",331,churn_boost,True,ai_v1
cc0889ef-81cb-4c85-aef0-1ea26c83a7c2,gpay,1,uninstall...after hearing tax on upi,36,churn_boost,True,ai_v1
b48e009d-596d-48c7-b91b-e9cd1bd53e3b,paytm,1,just downloaded but app is not allowed to put mobile number it's closed immediately. Now going to uninstall no use.,115,churn_boost,True,ai_v1
610f212c-22e7-4f2d-beb0-8274b09d0f24,phonepe,1,I money 50₹ was gone no transition show why my 50₹ gone I dont know whats the reason if it does not fix I delete this app 😡,123,churn_boost,True,ai_v1
53f429e7-3302-4956-9442-eba0d5c08da7,paytm,1,This app keep creating homescreen shortcut everyday even when I remove the permissions for it to do so. That indicates all this permission thing is a lie and it just gives us false sence of control. If this app create homescreen tomorrow I'm gonna uninstall it.,261,churn_boost,True,ai_v1
2fa62a7a-1c04-418c-8eea-d3c0dce72641,paytm,1,Abhi log uninstall mar do,25,churn_boost,False,ai_v1
ba1f05e7-22d9-4d63-ac77-a861425c973e,gpay,1,Most of the time transaction failed and money deducted from account but today this issue put me in a serious trouble today. Once I got my money back in the account I am going to delete this app. worst experience.,212,churn_boost,True,ai_v1
2afa607d-5729-499a-8275-289ac3d016e6,phonepe,2,"It was quite good before but recent updates have made it worse, better switch to another application",100,churn_boost,False,ai_v1
b121c194-5c74-472e-b78e-ac8c3ed9170d,gpay,1,you guys suspended my account and not going to restart after all that verification worst app recommended all my known to delete it and switch to Phonepay,153,churn_boost,False,ai_v1
f91ba3f2-7590-4b45-8a0f-37ee609b32ad,paytm,1,"(suddenly it says device environment is not correct)how my location will be error and something went wrong,i uninstalled and tried 3 time now.if it is not work this time I'll change the app,so worst app,so frustrating because of this problem",241,churn_boost,True,ai_v1
d0dc7bed-ab93-4dff-a29f-c274a9fce40d,phonepe,1,uninstall karo,14,churn_boost,True,ai_v1
6e9cb549-fbfe-42a8-b818-4b803b4a22a3,paytm,5,"paytm is ok but your spin and win is very boring 😔, no reward cashback me and my mood is off . I will use app only 10 days and no reward give me i will uninstall the app... app transaction is ok I will give you 5 star rating 👍...😶‍🌫️.",234,churn_boost,True,ai_v1
876ca6a4-ca04-44ac-b95b-e602a731559e,paytm,5,Extraordinary app... but not able to use it for some days due to Error [00000] device environment not correct. no solution. no customer care. YouTube/google is full of such discussion. please solve this ASAP as people are switching to other UPI apps.,250,churn_boost,False,ai_v1
2fd3bc3f-9001-497c-8ceb-9ec9895c334c,paytm,3,"not able to use the app and the error keeps coming up "" device environment is not correct"" since last more than 1 week after uninstalling the same error not rectified",166,churn_boost,False,ai_v1
41470913-da0c-46a2-a1dc-1a503ad2a84e,paytm,1,bohot bekar app hai koi case back nhi deta...or jo coin deta hai expire ke naam pe kaat leta hai pure... delete this app🤬🤬😡,123,churn_boost,True,ai_v1
b05178e1-6ba9-4656-b7f8-88845da78001,gpay,5,No star if possible. Can't even reactive my old account. Facing this issue for a long time now. Switch to Amazon pay. Such issues are not expected from a company like Google.,174,churn_boost,True,ai_v1
d9354e6f-49f0-498b-a385-91145915c252,paytm,1,Paytm is obsolete. Payments constantly get stuck. They replaced genuine cashback (like Navi/Supermoney) with worthless points and frustrating scratch cards full of useless vouchers. Recent engineer layoffs show management has lost focus. The app is unreliable and the rewards are insulting. Uninstalling for better alternatives.,328,churn_boost,False,ai_v1
2b7c4a9e-2461-40b2-a858-05819478baf8,paytm,5,"I do almost all transactions by paytm but never get any cashback or worth gift voucher which is worth claiming, where as Amazon pay and other upi apps give cashback and gift vouchers. i will switch to other app now.",215,churn_boost,True,ai_v1
28ef2304-8d11-4501-85bd-4525e6c80a01,paytm,1,I use this app for many years but right now is shows your device environment is not correct. i already uninstall half of my phone apps but that problem not fixed.,162,churn_boost,False,ai_v1
5a042bfd-126e-47a9-b861-ae890b635679,paytm,3,I love the app too much but I have a problem from last update. my app give me a alert to uninstall a system app which not possible. please solve it.,148,churn_boost,False,ai_v1
e80784b7-df40-40a2-9674-80d85a06bca7,gpay,1,uninstall nahi ho raha hai,26,churn_boost,True,ai_v1
a740360f-9e5b-4893-942b-c28b803f7653,gpay,5,app is not uninstalled from lot of days it is just buffering,60,churn_boost,True,ai_v1
82222c57-8b32-4d2d-a34b-152048207d94,gpay,2,"Totally miffed. My GPay app is not working. I bought a new phone and downloaded GPay app from Google Play and it was working fine till July 23rd. All of a sudden, it is asking me to activate my bank account and failing verifications. No incoming or outgoing payments. Been trying to activate for last 3 days, but keep getting locked due to 3 verification fails. I have followed all the troubleshooting steps as shown but still not working. May be it is time to uninstall GPay & move to another app.",498,churn_boost,False,ai_v1
e235842a-2ce4-4fb2-a151-d5bc6d0d9534,paytm,1,"it ""shows device environment is not correct"". app not working. should I switch to other upi? edit- even if I try to reach care services, it goes on app and app closed automatically. this no idea how to handle?",209,churn_boost,False,ai_v1
2413f02e-8006-46e1-9204-3133756efd75,paytm,1,Nice app But asking to turn off accessibility settings is too much. I am uninstalling paytm,91,churn_boost,True,ai_v1
be12df9e-193b-4374-893a-e9cc03caade5,paytm,1,"Dual Payment Apps on second mobile number not working at all..pl resolve errors urgently. pl don't insist to raise query on ur link, which is not opened. Pl attend my complaint urgently as still not allowed to login. pl provide link to raise complain directly to u. u can easily know and attend my query and resolve it. pl send.link to raise query on whatsapp or by msg. but please resolve ASAP. as i i can't use or if so i uninstall it. wt more u want to resolve issue or guide me to operate it.",496,churn_boost,False,ai_v1
6383adaf-a159-43d7-8d43-083993c6ad14,paytm,2,There is no third party app or nothing app whose harm my devices bur whenever I download paytm is showing devices environment is not correct uninstall and install several time. how I can solve this.,198,churn_boost,False,ai_v1
a56a61b3-87dd-4b51-a4f2-cf84e2d4f77d,gpay,1,my GPay app stuck or application not uninstall only show bufferring mode. please check issue.,93,churn_boost,True,ai_v1
f4dc5b42-0492-4226-b711-5a4eb81dcbab,paytm,1,"A few years ago it was great but now it's one of the worst payment app, i recommend everyone switch to gpay.",108,churn_boost,False,ai_v1
d0e2be86-48fb-4a65-a9a3-8ae32ee519fd,gpay,1,"BHIM app is giving actual cashback instead of your low value product offers. I am sorry, I'm moving to BHIM.",108,churn_boost,True,ai_v1
2d170416-8f93-4606-a09a-4e8e93c13618,gpay,5,I'm going uninstall my app for not give any scrach card payment,63,churn_boost,True,ai_v1
75ce45e9-56c3-4e49-b491-3c6cc8c9cb1c,gpay,1,why this app doesn't have an uninstalled option .,49,churn_boost,True,ai_v1
cb779bb4-04df-4891-a3e0-f373ee37d73d,paytm,4,Device environment is not correct 🤔🤔 i have uninstalled and reinstalled 4 times in a row... What's the problem!,111,churn_boost,False,ai_v1
4981772a-8fdd-48c1-976d-0404429bb0b6,gpay,5,uninstall,9,churn_boost,False,ai_v1
cca4c26f-200a-497e-b493-2d769f4e1873,paytm,1,never trust this app. they commit cashback on the payment page then they don't give.. betrayer.. I have uninstalled the app,123,churn_boost,True,ai_v1
62d25969-fc86-49dc-8974-485c05f79d93,gpay,2,"suddenly not opening my gpay what happened I don't know I am using gpay since 9,10 years so pls check why it is automatically closed when I opened it it's truck and closed, i clear cache and data also still not working then I uninstalled it and update it and again I am going to open it same issue happened , I am using Realme C55 phone",336,churn_boost,False,ai_v1
cc0fcf0a-94e2-4809-8719-7c3ac3c12502,paytm,1,"My Paytm app is not opening is not opening with error ""Device environment is not correct"" I am unable to pay my bills. I am uninstalling the application. no help received from Paytm. worst application",200,churn_boost,True,ai_v1
e554a794-7788-479b-9e36-a16d80636a4e,gpay,1,I want to uninstall my gpay,27,churn_boost,True,ai_v1
87fb46e2-fb50-49e9-b2ac-1c069f225286,gpay,1,"Most pathetic app all false promises don't pay any referral or prizes don't use it better use others new app like juniper etc. Uninstalling, also scratch cards are now ads only and now these people are charging coveniannce fees for everything boycott gpay",255,churn_boost,True,ai_v1
10ffcdd8-5382-4509-9027-49055d062525,gpay,1,worst app give my money refund worst app I never use again,58,churn_boost,True,ai_v1
40fc2258-f7f2-4c52-8651-928a5bb87591,gpay,3,I used gpay for nearly 8years. But now I switch to BHIM UPI since it is purely made in India 🇮🇳 not like gpay who is partner with google also BHIM gives cash back.,163,churn_boost,True,ai_v1
247ed486-7239-4b38-81b9-ae27215dbcea,gpay,1,idk what's going on gpay since a week the app logs me out in a random way then it takes hours to log me in I cannot even uninstall and reinstall this app because it is embedded in the phone,189,churn_boost,True,ai_v1
db625f5d-9de5-4a46-ba5b-ff586d1e99ae,gpay,1,"Hello friends, never use Google Pay again. I wasted 930 rupees. Google Pay scammed me.",86,churn_boost,False,ai_v1
6ceb3204-b72b-452d-a770-7663fb01fd5a,phonepe,1,"For the past few days, I have been unable to log in to PhonePe. There has been no response from customer support. I am uninstalling PhonePe and I will not use this application anymore.",184,churn_boost,True,ai_v1
7df8600f-e9ae-4b93-a7fd-8bcbb93efadd,paytm,1,Facing error since last two weeks. I tried uninstall and reinstall the application but still the application is not working,123,churn_boost,False,ai_v1
1c467848-927d-43e9-8837-c3d5c59524bb,paytm,1,sbse ghtiya app hai logo ko missguide krta hai jhutha offer dega cashback ka or nhi deta hai sath hi service bhi ghtiya hai eska .eske jagah pr Google pay ya phonepay jaise app better hai pr paytm sbse ghtiya app hai maine aur mere sare friends and family members ne es aap ko uninstall kr diya hai bakwas app hai,313,churn_boost,True,ai_v1
033dcdf7-046f-45ba-bbb3-06bcc8e215f7,gpay,1,"amount gets debited, and receiver not recieve any sms or notification, 3 days later your app says. receiver got the money. who will go to that distant shop to check the money. I was a regular user of this app. Now, I Uninstalled it. thanks Google for this 🙏",257,churn_boost,True,ai_v1
2257e754-e365-4139-9727-63e5767c07f6,phonepe,1,useless.. no cashback. uninstalling 😡😡😡😡😡,41,churn_boost,True,ai_v1
ca41d016-19cf-4094-9992-0e1266e5e6ba,gpay,1,uninstall problem,17,churn_boost,True,ai_v1
cc8515ea-a584-4ad9-88a3-1358260eabd0,gpay,1,"Sometimes I should start using the Bank app itself instead of Google Pay. These UPI apps block transactions and disturb our payment schedules. I have noticed that, I complained and waited for a long time and I don't see any response from Google Pay. I even scolded the bad words. Even though they didn't even react. So I decided that this is my final decision I am going to uninstall Google Pay and stop using it from now on.",425,churn_boost,False,ai_v1
f216d576-1a0e-4a1b-90ba-a4879e88e422,gpay,5,no Google pay uninstall,23,churn_boost,False,ai_v1
993aee8a-6011-4982-9fc6-a5570a23d67b,paytm,3,Better than remaining UPI payment apps Edit: QR scanning isn't working properly moving to other UPI apps,104,churn_boost,True,ai_v1
6d50254c-bda6-4c69-96e5-d133e19127e7,gpay,1,"""I am unable to receive payments from GPay users, but I can receive them through PhonePe or other UPI platforms. After checking with customer care, they informed me that suspicious activities were detected. I asked if uninstalling the app would help, and they advised me to uninstall the app we could not able to resolve through customer care support. I haven’t been able to do anything further, even though I have been using GPay for the past 10 years",452,churn_boost,False,ai_v1
4f7014cc-f2fd-42aa-a632-b0fa7c93a39d,gpay,1,"Automatic payments This application is a terrible application; it cannot be uninstalled. If you grant permission to this application, you cannot revoke it.Automatic payments",173,churn_boost,False,ai_v1
ad2597f4-6631-4426-8876-022fd0ace694,paytm,1,India number one worst maintenance Paytm UPI apps Warning [61009] Malicious application detected. Please uninstall it and restart the device. OK why to New Device not working I am already 4 year's using New update application problem 👎👎👎 immediately problem clear action,270,churn_boost,False,ai_v1
83d8d029-a7fd-44df-8dcc-26413ca805e3,gpay,1,uninstall,9,churn_boost,True,ai_v1
db2f5474-7ffb-4f92-8d3e-772b6dab78bb,gpay,1,please fix your App can even check balance this days balance shows too late sometimes giving so much problems even if the net is super fast i tried uninstalling and installing back but it's the same so sorry that's the reason iam shifting to other upi App 😃,257,churn_boost,True,ai_v1
3c99f67a-5ea5-4460-9854-de26c0b5ca13,paytm,1,Bht Fraud chal rha paytm pr maine 2 log ko refer kiya aur unko ne install kiya mere refer link se fir bhi paytm wale bole ki apke link se nhi download kiya it's a big fraud please be care and don't recommend to anyone... Today i uninstall paytm for always.,256,churn_boost,True,ai_v1
9fdb025d-db88-4ff1-a65c-f416e7109469,phonepe,2,from last 2 years i was using phonepe. suddenly phonepe started annoying with stupid ads while doing payments so that i have to tap it to close which is extra burden. you are misguiding user such that he click ads thinking that it is payment button. i am moving to google pay which was my previous upi app. never annoy users with ads.,334,churn_boost,True,ai_v1
b2032ee9-44cb-443e-945b-1fa3f1c97a91,gpay,1,2 months ago it didn't work well then it automatically gets uninstalled from phone I don't know what's the issue,112,churn_boost,False,ai_v1
adb430e5-6778-4dcc-8083-fde757ba1574,gpay,5,"Google Pay Review I previously used PhonePe, but after switching to Google Pay, I find the experience much cleaner and more straightforward. Google Pay keeps things simple and puts the important features in one place without making the app feel overloaded. The biggest issue I had with PhonePe was the constant ads and promotions. Honestly, the amount of advertising became annoying and made the app feel cluttered. Google Pay feels much more clean, simple, and user-friendly. I prefer it over Pho",497,churn_boost,False,ai_v1
c165bfe3-cf4e-4309-8013-db813d23889d,paytm,1,why I uninstall this app for googal update,42,churn_boost,True,ai_v1
0f520f29-6295-4105-979e-2115f33fd0d2,paytm,1,"this app is creating conflict with samsung gamebooster app, after I uninstall the gamebooster app paytm run and all the transactions works please fix this issue ASAP.",166,churn_boost,False,ai_v1
3af86260-a3e6-4c34-a585-7006f7f20389,gpay,1,i can't uninstall the application.what can i do for this.,57,churn_boost,True,ai_v1
5990ecbb-8c62-4192-957b-00981f6e13b5,gpay,1,i dont know why couldn't even able to uninstall it worst app,60,churn_boost,True,ai_v1
b99952ae-0c1c-4df1-8df5-34e831b7b562,gpay,4,Google pe uninstall madidini matte install agtilla,50,churn_boost,True,ai_v1
db7daf41-c2fb-4cb8-bb97-cbda25989ad5,paytm,1,very bad experience last 10 days i am unable to use the app because it is not working.it always shows environment of device is not good. uninstall 4 to 5 times and install but not working really a third class app,212,churn_boost,False,ai_v1
29667f6b-296b-4815-9ae1-7307aad05c92,paytm,1,yes keep on adding useless privacy breaking features in the name of security. We are not uninstalling any app to use this. uninstalling paytm instead.,150,churn_boost,True,ai_v1
ca822e50-37af-4cce-83ec-4513ed913caa,phonepe,1,uninstalled because legit auto pay and insurance payments were blocked a fraud. reaching customer care is a big headache be it Ivr or chat. they keep asking questions and redirecting,182,churn_boost,True,ai_v1
faead324-e669-4b51-89d4-46cafa1d2e8c,gpay,1,"I uninstalled this app but not uninstalled and not opened,please support me",75,churn_boost,True,ai_v1
701fbdcf-0e65-40e4-87e2-870f7df8795e,gpay,1,"Instead of giving useless offers, give some cashback or something equivalent. Not the useless offers, or I'm switching to another payment app. There are other apps giving useful rewards..",187,churn_boost,True,ai_v1
4cfcc7d4-f035-41fa-b3e4-db827e39eff6,gpay,3,"new ui made the app even more laggy. i was just gonna switch to this as my primary upi app but oh well nvm on a second thought, I'll still use it but old ui was way smoother. my device is iqoo z5 so im sure my processor is capable enough",237,churn_boost,False,ai_v1
2cc520ca-a336-406f-976d-843f4009741c,paytm,1,The app is consuming too much battery due to god knows what background activities. Fix it or I'm uninstalling it,112,churn_boost,True,ai_v1
40684402-f3a1-444e-a51c-1c5a28c95e82,phonepe,1,This aap very Bad again again hacked i say all people not used phone . My 5000 Rupees withdraw any app Phonepay not solution this report. not used full this app. i say all people uninstall this and using google pay .,216,churn_boost,False,ai_v1
5ad7d82e-b773-41ee-acee-711a5479b337,gpay,4,please uninstall,16,churn_boost,False,ai_v1
934c5d2d-fb1e-41e5-bf98-7d1e801f9e84,phonepe,1,"Their virtual assistant totally failure! If we do transaction and by chance payment under process and pending, who will wait 48 hours??? Do auto driver will wait 48 hours? Do they return if successful later? Will they meet again in future? Furthermore it never came back and for the same reason I remove paytm and for the same reason I have to uninstalled Phone pe now... their support system depending upon AI totally fail! It's failed make in india but fraud in india!!!",472,churn_boost,False,ai_v1
292c3f9c-7262-4192-97d8-dde5ae2d4698,paytm,1,app not open shows error device environment is not correct. hard reset my device but not worked same problem. clear cache and data uninstall and reinstall app but not work. security update error code 21000 shows in screen,221,churn_boost,False,ai_v1
1484f88a-d665-41a7-8983-27734d14f7cd,paytm,2,I am using paytm from many years.....but recently I have been scammed with the voucher which I got from paytm . the customer service of paytm is pathetic. it's more then a month now but my issue is not resolved yet . im also thinking that how does reputed company like paytm do this thing . anyways uninstalling paytm now. I will report this incident in consumer court and even do the FIR,388,churn_boost,False,ai_v1
acc97e1a-7161-45f5-a218-0e88cf9c1752,gpay,1,uninstalling because of Donald Trump,36,churn_boost,True,ai_v1
6ac028b7-10da-4afb-9d2c-25182ea5de51,gpay,2,why it's crashing continuously.. from yesterday.. help me out..or uninstalling it,81,churn_boost,True,ai_v1
117a7ca2-3e7b-4be3-a5f0-08687d8c669b,gpay,1,"I have faced the error like something went wrong countless number of times , fix this bug, if not I would soon uninstall it, unfortunately I can give 0 rating, if possible I would have done for this app",202,churn_boost,True,ai_v1
b33d0376-5f89-4f87-a499-8dac4bb3ed27,gpay,1,"Not able to add my bank account. error message says reinstall the app, but I cannot uninstall since it is a default app from the one plus mobile",144,churn_boost,True,ai_v1
b85a7cf4-60f1-48b3-bd02-e54c6582bea1,gpay,5,uninstall,9,churn_boost,False,ai_v1
d1d2890a-e2a0-416b-94c5-6939de8f8f7f,gpay,1,"Google Pay doesn't offer cash rewards anymore—only promotional offers. That's why Google Pay's market share is declining, as many customers are switching to BharatPe and PhonePe..",179,churn_boost,False,ai_v1
3154e1c4-7ae3-4ec5-885c-f7cc22bb9615,gpay,1,already hacked same app installed my device..with .. another mobile models.. oneplusEB2101 and vivo 2230 please uninstall this app on my device please uninstall 👏👏👏🙏🙏🙏🙏🙏please.... previously and recently stolen 20000 rps please,227,churn_boost,False,ai_v1
a98b396d-6ee1-4e73-b0cb-61da16f2503b,paytm,1,"Only 3 tries for verification per day, and you guys inform it only after I run out of tries! uninstalling straight away.",120,churn_boost,True,ai_v1
25f47c46-0776-49ad-aeab-247c3d65037a,gpay,1,I've been using it since 2018 and total cashback earns 704 till date (8 years approx) switch to amazon pay a few months ago and total cashback earned 1333 (6 months),165,churn_boost,True,ai_v1
0ec7c782-c957-46fd-b2b0-0150df9e6076,gpay,1,worst experience have when using rewards and copans using I will uninstall this app,83,churn_boost,True,ai_v1
25060d99-ba1b-4053-85c8-d4b1e1fe7f26,paytm,1,"""We couldn't process your request. Please contact Paytm support if this continues."" This is what has been showing ever since I updated the app last night, and the app keeps crashing. I have uninstalled and reinstalled it and tried everything possible, yet the app still won't open.",281,churn_boost,False,ai_v1
ffc9fd23-2641-4e5b-9bba-5db009ca2016,paytm,1,"this is my 4th time report that I'm unable to open pytm app, whenever I try to open this app this is showing app environment is not correct, however I'm using my latest version, 10 time i uninstalled app and then reinstall again, this is motorola 50 edge pro phone with latest Android version the why this is happening with me .??? solve my issue as early as possible.",368,churn_boost,False,ai_v1
631ddaa8-de7c-4431-ab4e-9af472659637,phonepe,1,"never use this PhonePe My experience with PhonePe AutoPay has been poor. The process lacks transparency, and managing recurring payments is inconvenient. I prefer other payment options and would not recommend this service,, I never seen before like this app waste app... and uninstall this app",293,churn_boost,True,ai_v1
3612debe-1cf1-4be5-a858-aef1c96161af,paytm,2,its not working since last month. So I uninstall this and whenever I open the app it's leave a message that your phone environment is not safe for this app. I updated latest version but this message flash continuesly.,217,churn_boost,True,ai_v1
2cb6a733-ffc2-4a9f-848b-7995b7119f34,paytm,1,"Paytm is not registering my UPI, whereas all the other UPI apps have had no problems. The customer support is pathetic. Even after giving all the screenshots, they're asking me to try again and give video recording of the errors. I'd rather uninstall the app",258,churn_boost,True,ai_v1
b6c3d086-e333-4fb0-a5d0-a3d533f3a105,paytm,1,If you detect malicious applications then show their names. Because Google play protect cannot find any so who could I know which one is the malicious one to uninstall?,168,churn_boost,False,ai_v1
2ae4b487-fe10-49dd-bd29-51f2983e4340,gpay,1,horrible service. its always stuck on loading . did everything from uninstall to clear data to changing network nothing works,125,churn_boost,False,ai_v1
a92dc7c3-2cb1-4d32-b852-f3e6ba37fd00,gpay,1,couldn't uninstall,18,churn_boost,True,ai_v1
2d61d0b8-2dfd-4735-859c-39cb57652b46,gpay,1,uninstall application taking too much time,42,churn_boost,True,ai_v1
f5fc5bbb-ec2f-4f3f-ab15-5711e36b2d36,gpay,1,fraud always tired of it i am gonna uninstall it they give fraud deals wjich isnt working i got 500 rs off on boat products but this is a scam,142,churn_boost,True,ai_v1
77ba4915-36c6-44be-9976-a390e8d160b9,paytm,1,"Not install and if you install kindly uninstall because they send many of notifications without permission, person irritate their notification",142,churn_boost,False,ai_v1
60d41a24-707d-47b6-a461-9477ac412a36,gpay,1,Stay away from this application they can track your recharge and Even expenses google is tracking you. I'll definitely uninstall GPay,133,churn_boost,True,ai_v1
a6967a65-db55-4ebf-b238-5fc9b01f04be,gpay,1,"app not working,it shows wait or close button, i even uninstalled and installed again, still no success",103,churn_boost,False,ai_v1
b59160ec-a0eb-4e84-b781-abea79ce52cb,phonepe,1,Hi can you remove this credit card advertisement? everytime it's poping up literally irritating. now have to close exit. just uninstalling this .,145,churn_boost,True,ai_v1
d9b39228-a72c-41ab-87bc-e4f2b32349f8,paytm,1,finally have to uninstall this app 00000 device environment error did everything to get it work paytm app npt telling problem did every setting but nothi g worked.,163,churn_boost,True,ai_v1
718a2477-7a77-4904-81a4-f0d5bbade5f2,gpay,1,"I request you to all please uninstall this Google pay app ASAP and try super.mony, BHIM, NAVI app etc. which is very good. Nowadays Google pay making fraud in the name of cashback. Yesterday I did a mobile recharged in the greed of cashback I redeemed the coupon to get a good cashback but I received only Re. 01. The opposite happened to me. I got Rs 1 but I lost 1.90 paise extra in the name of recharge. Please use other apps to avoid extra charges and get good cashback.",474,churn_boost,False,ai_v1
992f4089-c3a6-4064-a43c-cb2a988b47b0,gpay,1,can't uninstall this app,24,churn_boost,True,ai_v1
d7bfd43a-4d92-4ff0-8772-4cba6410e365,gpay,5,"Suddenly stop payment anyone, after i uninstall and reinstall google pay app number and mail was verified with otp after this popup a screen google pay can't be used on this device, its say my device is not pass google pay security check may be rooted this device, but device is nothing changed by me i bought 1 year ago brand new iQOO 12 handset. this problem is only on gay other payment apps are working.",407,churn_boost,False,ai_v1
b035bd7a-524f-47ae-aedd-e6bbbcc456fc,gpay,1,I am using this app a since a long time ago! this app has too much ad. Now I think to switch to an better app which has less ad or no ad like Bhim Pay. Google make your application ad free for better experience for the people...,228,churn_boost,True,ai_v1
5edaa178-ab8d-47a8-a49d-e14ae53d8eff,phonepe,5,Worst app ever always failing and giving trouble in that 48 hours for pur refund we have to wait switch to gpay or paytm,120,churn_boost,True,ai_v1
b46c4efc-a6c0-40d1-b62e-0de3eae24696,gpay,1,it was working so nice but all of a sudden it started malfunctioning. transections are not showing. can't send money to any business accounts. takes too much time to generate receivers details. have to switch to other UPI,221,churn_boost,True,ai_v1
fb4e2ddf-7e05-44d2-b0f6-ff64c13dac2f,gpay,1,worst experience with this pathetic app...The app doees not allow to take screenshot of transaction history...I have 2 failed recieved payments and legendary customer care says show us the e bank statements ....uninstalling this app asap now,241,churn_boost,True,ai_v1
566fc4eb-814a-4a88-8337-465ac2a9373d,gpay,1,without any reason my account suspended I've uninstalled gpay and switched to PAYTM also I was not able to recieve payment for long time,136,churn_boost,True,ai_v1
8cdaa6fa-b48e-46ba-a6f7-133effe28d47,paytm,1,never use it uninstall it everyone shift to another app fraud app showing device integrity check failed error 61007 and app is not opening but Paytm business app is working perfectly in same Mobile. So leave that apps,217,churn_boost,False,ai_v1
aabedb83-b656-463b-878c-3de76f14872e,gpay,1,my history was deleted because I uninstalled the app for few days 🥲 I want back my history,90,churn_boost,True,ai_v1
a3ea4db5-b076-4094-b938-978c5ee293e8,gpay,1,"This app was working fine, then suddenly all transactions stopped... I uninstalled it and reinstalled it, now it says that this is blocked in my device",151,churn_boost,False,ai_v1
6e171566-9a66-4b12-9bd1-522863994c63,paytm,1,This app doesn't even open now. Always shows malicious app detected on this device[61009]. One day ago this app just works fine. Please fix this. I also mailed in the customer support mail mentioned by Your Service. Still got no reply from them. At this rate I have to switch to another upi payment app. I am a loyal customer of paytm for many years but paytm support is the worst now. So you give me no choice.,411,churn_boost,True,ai_v1
3aed8cc6-2a66-4cf1-b8e4-e274dfb4ed44,phonepe,1,i uninstalled phonepe no responses for wallet use,49,churn_boost,True,ai_v1
184cab14-f265-4a16-b236-d7dd6d74ec42,gpay,1,I am fed up with this app now because it always shows wait and wait and most of the time updation when I visit any shop and try to payment it always show error when this app came new it was good their were not any problem that time but now last 1 month it's always show error and not run at when I ever requirement of payment to other what I have to now should I uninstalled this app or will you do something for us,415,churn_boost,False,ai_v1
ba7c99b1-9cc6-48eb-a35a-392520bb17c3,gpay,5,This app is not uninstalling so don't download is app,53,churn_boost,True,ai_v1
066b84f7-ed92-40ed-9874-dbeca62363a0,phonepe,1,this app is not working properly and not reported complaint properly and never action it that's why I uninstalled this,118,churn_boost,True,ai_v1
0f3403f9-5d35-423a-81e0-1b7a4c347b84,gpay,1,"​""Extremely frustrated with the reliability of this app. I’ve had multiple instances where money was debited from my bank account, but the transaction showed as 'Pending' or 'Failed' on the merchant's end. It takes days for the refund to process, leaving me stranded at checkout. For a financial app, this level of inconsistency is unacceptable. I’m switching back to a more stable UPI platform.""",396,churn_boost,False,ai_v1
bbbd111a-4ccc-471a-a32e-c543cc4776d7,paytm,1,my app is installed but not showing in app management and uninstall is also not working please guide,100,churn_boost,True,ai_v1
cf04fba2-4845-4504-b418-9fb1f68b2908,paytm,4,Unable to open app from morning. *Error 61007* showing. Haven't installed or updated my app. Done nothing. Till yesterday night it was working fine. Tried everything from rebooting phone to uninstalling app. Edit - now it is working fine.,238,churn_boost,False,ai_v1
54573f18-382e-41c4-bf32-35cc92548c03,gpay,1,it seems it is hacked by someone and not able to uninstall,58,churn_boost,True,ai_v1
d52734c3-326f-43af-a6f4-eb55da1f834e,gpay,5,uninstall,9,churn_boost,False,ai_v1
1a60c40c-8f8a-4414-acbf-22dec8c281b7,gpay,1,I want to uninstall this app but when I uninstall it again says open or update and when I update it opens back I want uninstall and then reinstall for some reason but it is not allowing me to do so please help,209,churn_boost,False,ai_v1
2ed3daff-6d8b-4571-bacb-3351780fedd3,gpay,1,sometimes irritating its look like a need to eat a pressure tablet when money doesn't send more time happening in thiss google pay stupidity I'm gonna uninstall thizz Thank you !,178,churn_boost,True,ai_v1
0d0b9d61-979a-4416-ab5a-ae8877dc9ba5,paytm,1,Whenever someone send me money I get jumpscare due to its notification sound. Stupid app you deserve to be uninstalled,118,churn_boost,False,ai_v1
396351c2-6cbc-4dd7-9ff6-39453753007d,gpay,1,no Cash back no befendfits that's why I am uninstall this app try navi app best cash back every transaction no comission on recharge.,133,churn_boost,True,ai_v1
57f485a3-d851-4041-b220-c823e520172e,gpay,1,ye log reffer code de ke customer ko attract to kare hein lekin wo reffer code wali sari company fraud hein complain karne se gpay wale bolte hein humare terms and condition mein ye saaf saaf likha hein humari zimmadari nahi hein guys mein to uninstall kar raha hu aapka aap dekh lo,282,churn_boost,True,ai_v1
4beb23a6-3743-47c5-ae59-4cbb1ae85f69,paytm,1,uninstall,9,churn_boost,True,ai_v1
e466bf93-6a68-4f35-a863-c61a4082a8b7,phonepe,1,"Not allowing app clone for Phonepe, I have 2 accounts, how to use both phonepe accounts at a time on one phone, in compulsion shifting to POP Club UPI app. 😡",157,churn_boost,True,ai_v1
0665df1a-9a1c-4c55-a349-c8f8376e30c3,phonepe,1,They just sent me a SMS saying that they will charge me ₹100 if I don't use their wallet. one of the worse apps. uninstalling right away. zero ethics.,150,churn_boost,True,ai_v1
78f14d33-acfa-4e45-8573-e516f81b3311,gpay,5,I'm a member since the beginning but never received premier perks. U r doing injustice to me. How to get into the good books of goo(ea)gle? Not bothered? uninstalling... thank you,179,churn_boost,True,ai_v1
efb0064f-c6a9-47b6-a6c2-0d87603c4cb8,gpay,1,can't add an account can't even logout can't even uninstall the app what is wrong with this I'm very disappointed,113,churn_boost,True,ai_v1
5e9ce774-51cf-4969-b29f-b799c53eea0b,paytm,1,whenever I open my paytm it says '61009 malicious software detected'and the app automatically closes no matter what at least tell me which software I have is malicious software I can uninstall it that all I have to say,218,churn_boost,False,ai_v1
89086c44-8f43-4831-84d9-71081d20693b,gpay,1,Gpay stops giving cashback so I shift to new app that pays after every transaction and most of the consumers are shifting to new app...,135,churn_boost,True,ai_v1
93608414-f5f0-47d6-a578-11d6cffe2882,gpay,1,"Easy to use. But looting by offering useless rewards. I uninstalled just before nd using Bhim, yono, fed app etc..",114,churn_boost,True,ai_v1
028110af-780e-465d-b63c-c99e9e0a56f3,phonepe,1,"this app not working properly , everytime should does uninstall and reinstall the aap what's a problem is this , this is a problem everytime please correct this problem I'm hating this aap , know this problem not only for me but also phonepe users and correct it as soon as possible immediate",292,churn_boost,False,ai_v1
6f6b0798-31d4-4d7d-80ea-e612bca9222a,paytm,4,"Hello Paytm Team, I am getting error message saying- Warning[61009] A different malicious app was detected on your device. Please uninstall the detected app and restart your device before reopening this app. I tried restarting and reinstalling the app, but the issue persists. Could you please help resolve this issue?",318,churn_boost,False,ai_v1
c25c6228-31ef-411a-aabb-697177a2d6e8,gpay,3,I want uninstall and reinstall the app but the app has not uninstalling,71,churn_boost,False,ai_v1
bfde9983-3e67-4bcd-8de2-c030df0a8334,gpay,2,"security concern about my pocket feature in Google pay, i want to remove it but agent denied to remove, even though I told because of this I'm.uninstalling googlepay they said your wish ( this shows something not good) l. people who using this might be little care with this so many whatsapp status reflecting it as fraud alert.",328,churn_boost,True,ai_v1
4b5a381b-0962-4082-9c0c-84dd312839f3,paytm,1,worst app after ui change. i am uninstalling it. and us8ng other apps.,70,churn_boost,True,ai_v1
0be5a62b-194d-4c89-80c8-99566ee6da10,phonepe,1,"I have issue with the payment method I can't open Phone for any payment it's creating trouble during payment, the screen was not clear visible during payment only show some payment reminder and not removed form the screen after many time uninstall the app the app was not working properly",288,churn_boost,False,ai_v1
37b48637-1a33-405b-8c86-8f36fad40c7b,gpay,1,"please what is wrong with the mobile recharge payment,everytime i enter it,it just automatically log me out from the app telling me to clear cache..i did it many times,uninstall it and install it again too..doesn't work at all..i can't recharge data packs!!",257,churn_boost,False,ai_v1
