review_id,app_key,rating,review_text,text_length,target_topic,split
29eb997c-41b4-478f-a8d2-47fc99805ff4,paytm,1,After updating the application I am unable to open the application as pop-up is appearing with error message that device environment is not correct. Please look into this problem.,179,ads_spam,dev_boost
25539a0e-f4fd-426a-b304-60275cd086f9,paytm,1,worst ...always shows popup warning notification like device environment is not safe...and after it will automatically close the app and I'm not able to make a transaction .worst means worst ...I had clear catch .. reinstall and etc all thing i tried nothing work well,268,ads_spam,dev_boost
f359be33-2a4e-4b72-a60b-37a08dcfa748,phonepe,3,why do you keep sending notification on SBI select black cards.. spamming whole day with useless notification.. better to uninstall and use GPAY.,145,ads_spam,dev_boost
5ebfa8ad-a59b-4a91-b371-e4cd69464290,gpay,1,"This has started charging money for recharge, whats next? Fooling people by Showing advertisements for addiction gambling apps, etc in the name of rewards. There's rarely any real reward. Stop fooling people.",208,ads_spam,dev_boost
86711f89-ac4c-4a05-896b-ffce12a13cc6,gpay,2,"I would like to suggest that please remove popup - link mobile number to gpay. When once user selects don't link now, app should not ask for it again ever. It is annoying.",171,ads_spam,dev_boost
7de8e87c-c3bd-49fc-8d16-3cef6b44aa4d,phonepe,2,issliye 2 rating diya hu kyu ki har payment per rating dene ka aa raha hai pop-up,81,ads_spam,dev_boost
17cac507-e662-4236-94bd-12fe0f8dbc4a,gpay,4,"It's working fine now a days, but still not giving money back offers. In BHIM app always giving money back. You are making me to purchase again with advertisement . My previous comment is given below. 2022 comment. It is getting worse day by day. Many times payment getting failed. And offers are also purposes fully given irrelevant to me. So totally it is waste.",364,ads_spam,dev_boost
25d3edaa-23fc-4c50-b56e-94c18e3c9b2b,gpay,1,why does the reward advertisement and the important notification like amount credited have the same notification channel,120,ads_spam,dev_boost
bbf87d5b-ff1f-44e5-bddf-5e80b36d171a,gpay,4,too many ads,12,ads_spam,dev_boost
6fa130da-6e25-430b-b1c2-a1c092b66d81,phonepe,3,"I am disappointed with PhonePe's handling of scam-related transactions. Fraudulent advertisements on social media platforms can lead users to fake sellers, and payments are still processed without sufficient warnings or verification. While users should be careful, I believe PhonePe should improve its fraud detection systems and provide stronger alerts when payments are being made to suspicious or newly created accounts. Customer support and scam prevention measures need improvement to better pro",500,ads_spam,dev_boost
08ec0e8a-6204-4d81-ae44-6e2df5d768c7,phonepe,5,baar bar popup show ho raha hai ishliye mujhe rating dena padh raha hai bhaii🙄,78,ads_spam,dev_boost
83082fa0-6d8a-436a-b0cd-dfc5c7903e6d,gpay,1,kindly requesting you to please don't give Zunifin loan application advertisement. because they are black mailing to send nudity to family. and without our knowledge sending money. and double amount asking and black mailing.,224,ads_spam,dev_boost
1842a3ba-c7f6-4635-97f0-78520cb5541c,phonepe,1,"PhonePe isn't just a payment app anymore; it’s an advertising company. 24/7, all you see are ads—whether it’s on the road, on your screen, or everywhere else. It seems like they have no other business left except running advertisements.",236,ads_spam,dev_boost
14e668f5-0ff5-4b6c-9622-1f40b2ae181d,gpay,1,while open the app first advertisement running for 25sec this is unnecessary.,77,ads_spam,dev_boost
a1028b9c-17d9-4685-b58f-e50c41242e5d,phonepe,1,worse than hackers they want to create nonsense popups that loot money. app is flooded with popups.,99,ads_spam,dev_boost
fc6c2a67-e4ce-4fd9-b513-1d65351f2d07,paytm,2,Paytm Postpaid Active Karne Ke Liye POP UP Messages Kyon Bhejte Ho Jab Paytm Ke Pass Authority HI Nahi He.,106,ads_spam,dev_boost
c0e9a185-5520-4c1c-abd0-8b71201c7bd6,phonepe,1,why irritating advertisements,29,ads_spam,dev_boost
0220db7f-a920-4624-8a5a-9c622506c320,phonepe,1,"This aap will always force you to receive money on phonepe ,and pop up always on aap to apply for a credit card, hope less fellow,this is not a way to earn money",161,ads_spam,dev_boost
7ede874a-6db7-49e5-bd26-7a5ba8324572,paytm,1,"worst notification, always popup install by play Store & im downloading in Play store",85,ads_spam,dev_boost
542fff20-3f8e-4153-aa0b-ee44f5098c0a,phonepe,1,Too many ads,12,ads_spam,dev_boost
018df90f-9b35-4999-9800-2743edcc2ebe,phonepe,1,"EDIT - More scammy behaviours, immediate popups to apply for credit card, loans etc. This js getting worse day by day. The app begins showing manipulative behaviors to squeeze more from you, such as prompting you to set it as the default by hiding behind lengthy, regulation-styled messages that mimic official notices.",319,ads_spam,dev_boost
7e577683-d754-4fcc-b639-feee0004495f,paytm,1,Third class App.There is no way to reach the customer service and account verification always says where popup says taking 30 seconds to read the Otp but closes in 5 seconds and device registration is shown as failed. All the amounts invested with paytm are now not accessible and this third class app won't even give a chance to reach customer care.They are just diverting pages where we cannot even raise an issue and faqs don't solve anything. Ur provided link doesn't work redirecting.,489,ads_spam,dev_boost
0dec0a3b-3bf1-4468-b726-c753a88d9692,phonepe,1,because of advertisements,25,ads_spam,dev_boost
5a15b51e-3312-4e97-9308-94a1e03a17db,phonepe,1,why phone pe bound to update many have low version their phone can't at this state they are unable to use it a update pop up came on screen and user is helpless,160,ads_spam,dev_boost
8979e3e4-023c-4a05-887f-cfcdb082f070,paytm,1,"The app used to be good but I think the recent update broke it. I only see a warning about accessibility setting being enabled (81004) when I open the app. Also when the app is not open, a small pop up always comes up. this is pathetic.",236,ads_spam,dev_boost
6f12b11b-02e1-4ef6-b62e-542a1439380d,paytm,1,"I am investing in Paytm from 2024 Daily SIP, now last week 12th Feb I have redeemed my Fund balance, it was showing within 3 days The amount will be credited, but till now i haven't received my funds, what the hell is going on with the paytm ? seems like this is a big scam now I need resolution ASAP , if not I will do the social media escalations and file a complaint on Paytm .",380,investments_gold,dev_boost
fd5e2cf0-06df-4237-b195-0a6ddb561b4d,phonepe,1,worst mutual fund service i withdraw amount on 12 may till now not received my money 👎👎,87,investments_gold,dev_boost
e3df356d-6e45-4043-9447-e2ab43413037,phonepe,1,"poor services.I had started an SIP through PhonePe. I withdrew the funds on August 26th for hospital expenses; I was told the amount would be credited to my account by August 31st, but today is September 1st and the money still hasn't been credited. Therefore, I advise everyone not to start an SIP through PhonePe.",315,investments_gold,dev_boost
465bc662-a0e2-4b64-bcd4-64c974a36244,phonepe,1,witha out. any reason my account is blocked. my sip amount also gone 😔,70,investments_gold,dev_boost
4f7d5655-639d-494a-bcc7-95ddafb429b3,paytm,2,"have invested through Paytm app in SIP. suddenly now, no amount has been displayed and instead shows - and no name displays instead as guest. what to do? whether I will get my money back?",187,investments_gold,dev_boost
8d1fda1e-c270-459b-a4a0-3968b7dbbaf5,paytm,1,anybody don't invest in Digital gold in Paytm platform because anybody want keep records download statement. but there are no option available many chances for fraud.,166,investments_gold,dev_boost
7e33ae3a-4fc9-4bb2-976a-5ca77b3af198,phonepe,1,bad experience in gold saving,29,investments_gold,dev_boost
e5624b6e-3a46-4361-bd38-c009dfe0b9ea,paytm,4,Gold 🪙 sip payments app great,29,investments_gold,dev_boost
fc778cd1-704f-4131-b53d-a023b80dfd97,phonepe,4,"Purpose of Online transaction it's Good but SIP other service in this not good also working not properly, debit and credit sometimes issues are balance is not showed correctly,... okay its good app",197,investments_gold,dev_boost
9065cade-d1fc-4535-b54d-940af5edc926,phonepe,1,"PhonePe’s customer support is extremely disappointing. I have been trying to contact customer care for the last 7 days, but the support number never connects properly, and even when a call is placed, there is no proper response. A ₹30 AutoPay for Digital Gold has been activated on my account, and I am unable to stop or cancel it. This is extremely concerning because money is being deducted automatically while I cannot get effective customer support to resolve the issue. If PhonePe cannot provi",498,investments_gold,dev_boost
6119be6e-de12-4b53-b640-c177966fd6ad,phonepe,5,"paise bhejna hi nahi, balki Mutual Funds, Gold (24K Digital Gold), aur alag-alag tarah ki Insurance policies (Health, Bike, Car) bhi khareedi ja sakti hain. Chhote dukandaron se lekar bade shopping malls tak, har jagah PhonePe QR Code asani se mil jata hai, jisse cash sath rakhne ki zarurat khatam ho jati hBharatPe / NPCI ke strict security guidelines ke tehat ye app Multi-Factor Authentication aur UPI PIN ke sath secure payments ensure karta hai. Mobile recharge, electricity bill, DTH, 90080",497,investments_gold,dev_boost
6f48b6d6-1938-43d6-af73-e6307224f386,paytm,1,"Mutual Fund SIP investors be careful🔊🔊🔊, Paytm keeps on deducting your balance and later all of a sudden all your SIP amount vanishes and they blame the merchant.",162,investments_gold,dev_boost
e8e1164c-8de8-4e54-ab4a-bf4c40c52793,phonepe,1,"Very disappointed with PhonePe Digital Gold. I invested ₹1,103, and the app showed the value as around ₹1,121, but when I tried to sell, I was getting only around ₹966. A difference of about ₹155 is shocking. The buy and sell prices/charges should be clearly explained before investing. This experience has seriously reduced my trust in PhonePe Digital Gold.",358,investments_gold,dev_boost
d5db2bf0-580d-416f-bb37-57cc89c44093,phonepe,1,Downgrading rating to 1 from 5 because the app now tries to cross sell insurance and SIP while attempting to make payments. Also it sends countless reminders of credit card bill payments that have already been paid via bank autopay or other channels. I just want to make a simple UPI payment and am not interested in your insurance and other products.,351,investments_gold,dev_boost
fe3d459c-6d2b-4465-9519-88baccd1ac18,phonepe,1,"why there is a gap in silver buying and selling price, when it's in your vault, we never used it, but there is a gap ? you are fooling common people. i will remove all my savings and buy same amount of mutual fund.",214,investments_gold,dev_boost
9ea902d1-b645-4da8-90e2-377d53503a2a,gpay,1,"wrost app, gold locker se sona buy krne me kuch second lggye , pr sell kiya to 1 din hogye abhi tk nhi aaya account me selling money... 🤬",137,investments_gold,dev_boost
2fa47d74-4657-431b-8834-a443b5f404dd,paytm,1,it's a fraud app it take money from as in the name of sip and when we want to withdraw it take fees more ... and it don't show cancel option for the gold sip,157,investments_gold,dev_boost
0afe5678-7306-4688-92f7-dfccf48a0e84,gpay,1,Do not use Google pay gold locker 7-04-2026 issue sell our problem call support team call recording start but my side for stop the recording why ask google already recording you not recorded permission main issue for Gold Locker sell gold,238,investments_gold,dev_boost
4c23e478-9b31-40e4-b223-b9505a7eee70,gpay,1,"bought gold through Google Pay Gold Locker. Small transactions work fine, but when I invested more money, withdrawal failed. For the past 2–3 days, customer service keeps saying it’s a technical issue. Buying works instantly, but withdrawing is difficult. This doesn’t feel trustworthy, so people should be careful.",315,investments_gold,dev_boost
9585480e-e3c6-429a-bb8a-378e5fc67317,paytm,1,"Very disappointing experience with Paytm Gold SIP. No proper option to cancel the SIP, only pause. The portfolio value is misleading as it's shown at the buy price instead of the actual sell value. The buy-sell spread is too high, causing instant losses. Please improve transparency and give users full control over their SIPs.",327,investments_gold,dev_boost
0ab74615-53f3-47eb-9689-48508af63949,phonepe,3,"i will give a full star rating when you add copper and diamond as digital savings, I really like the digital gold, silver and platinum all savings at one place, but why don't you add copper and diamond too. please add them and I shall put another 2 stars.",255,investments_gold,dev_boost
c37dc243-a9fe-4ac8-b28d-a40caa09ec13,paytm,1,"paytm gold sale purchase totaly fraud system do not buy any digital gold form paytm,bohot jayada price leeta hai discount ke name pe ghanta",139,investments_gold,dev_boost
6cb91b7e-3e70-4206-968f-04b524f59adb,gpay,4,"I really appreciate the Digital Gold feature on GPay. It makes investing in gold so easy and convenient — I can buy anytime, anywhere! However, I have a small suggestion: currently, the app only shows the buying and selling prices, but it doesn’t display the average buying price. It would be very helpful if GPay could include this feature, so users don’t have to calculate it manually. I hope this feedback reaches the concerned team",435,investments_gold,dev_boost
9a089528-0235-424f-84d4-016b54609fa0,paytm,1,Paytm is a Fraud App. Never buy digital Gold from paytm. It's a Scam. 0/10 rating from my side.,95,investments_gold,dev_boost
d26c11b8-7f31-4c26-b1f2-81897f50ed7c,gpay,1,"If anyone seeing this review is using the gold locker facility provided by this app, retrieve your cash immediately if you can. its a scam.",139,investments_gold,dev_boost
08bd6907-2055-41f7-8501-3156b8fe5a6d,paytm,1,faced worst experience in ticket cancellation,45,travel_booking,dev_boost
41da4e73-ec5c-4c1d-aa95-d3cd5a1e6859,phonepe,1,hi sir yesterday I booked irctc ticket with phonpe payment options on this process around 90 rupees extra charge by phonepe and from yesterday I tried to contact phonepe customer support but poor customer service,212,travel_booking,dev_boost
5557a20b-39f1-4554-8647-8b350e1a2a7b,paytm,1,"booked a round trip flight ticket. one ticket got confirmed while second one got cancelled by paytm. they refunded the money which will take 7 days to credit. after 7 days the same ticket costs more than 7k extra. paytm. should have to inform the customers that once we book the tickets, their agents have to book it again with airlines and may get cancelled due to negligence. and the burden should be taken by the customer..",426,travel_booking,dev_boost
ebc0ad58-c904-4138-9e05-e8edcaeff3ee,paytm,1,worst application I didn't get refund of flight ticket amount which got canceled . 20 days happened still i didn't get any clearance from paytm side. i raised ticket but no response from paytm side since 1 month.,212,travel_booking,dev_boost
91369d91-2519-469b-b788-fcbf22d90a51,paytm,1,"Very bad experience with this bus ticket booking app. It looks fake and unreliable. Payment was deducted, but proper ticket confirmation was not received. Customer support is not responding, and the service is disappointing. I do not recommend this application to anyone.",271,travel_booking,dev_boost
384cc2b5-fe68-47d7-a949-5f4b21c2ed90,paytm,1,When you book train tickets through paytm and ask for extra charge dont pay them its a scam. Even if you canceled 8 hr before they will only refund as per irctc. No customer care support.,187,travel_booking,dev_boost
fa75965c-bada-4b16-a46b-88e8698b3acb,paytm,1,Hi my self veeresh perumalla I have booked flight tickets on 24th December and i cancelled it with help of airlines and they already initiated full refund amount on 25th December to the paytm and from that day I haven't received any refund amount and don't have customer support I have raised several tickets. So I have raised my complaint at the police station and consumer court . i hope your team will check this out and get back to me to know more details,459,travel_booking,dev_boost
d45ce251-7bf3-47d5-93ce-7f38c81cabba,paytm,1,When Seats Were Available I booked my train ticket from these app and money got deducted payment status was pending I called To Customer executive they were unable to help just told me to wait it will be confirmed but after an hour it cancelled automatically and All Available seats Started Showing In Waiting List .. Frustrating App To Buy Train Ticket,353,travel_booking,dev_boost
3349a082-393a-425d-9b84-acaac21156d3,paytm,2,why ticket booking counter through the district,47,travel_booking,dev_boost
c9c3af18-d884-48f1-8cc9-2f9b4b79ae8e,gpay,1,these days not able to pay the ticket fair using gpay.. on IRCTC tatkal quota. money was not debiting from the account.,119,travel_booking,dev_boost
9d8c0420-43de-4d79-abe4-c0648cfa9032,paytm,1,"worst experience with the paytm, I have cancelled my bus ticket. The amount was not refunded, how many I have raised a request. They didn't respond properly.",157,travel_booking,dev_boost
7e665522-b7c9-4cd7-b4c4-7eeca3f14705,paytm,1,There is no metro line 3 ticket booking in the app. Useless app.,64,travel_booking,dev_boost
e0e90769-057e-4a43-8178-d6161fb1c65f,paytm,1,wallet to band ho hi gaya ab ticket booking bhi band ho gaya paytm koi kaam ka nahi raha,88,travel_booking,dev_boost
6c9596e4-24ec-4445-9747-0aaf1980d404,paytm,1,they don't have human customer care. never book flight or bus tickets. who puts ads in invoice ?,96,travel_booking,dev_boost
6a535b5a-479f-4676-8d10-98f9d2cc3c7d,paytm,1,on 18 April 2026 doing fraud with me during bus ticket from anand vihar to siwan,80,travel_booking,dev_boost
3136feb8-346f-48eb-83dd-50b5a4af325f,paytm,1,very poor payment experience and very slow while doing ticket booking and select pay via any upi app..even slow compare to metro app.,133,travel_booking,dev_boost
6fa063a2-9cd7-4eb7-a440-275c68196a10,gpay,3,why Google pay is not available on IRCTC payment gateway while booking online tickets on IRCTC,94,travel_booking,dev_boost
dfa1521e-72a8-4b9c-827b-4479c900e86b,paytm,5,"Very nice all in one app for almost all types of recharges, ticket bookings and Fastag etc. Is it possible to integrate e-Rupee services into Paytm? It would be quite helpful in making digital payments more inclusive and seamless. Then digital payments would be possible even in no network areas. Please think about it.",319,travel_booking,dev_boost
4cb71ef6-2974-4365-85e4-28d8d81007b2,paytm,1,I never received response on my ticket cancellation request made on 7th Dec..... Indigo airlines processed refund on 9th Dec but Paytm has not refunded me yet nor is there any right communication from Paytm about the refund process..i have raised the ticket but Paytm has closed it saying working on it. someone Mayank has responded but there is no call back on what's the status.if paytm is using my money then i would need interest for the same if there is a delay. really unhappy Paytm is pathetic,500,travel_booking,dev_boost
59aa8296-ce4b-479f-9043-6a24084627cd,paytm,1,"05/12/25-worst customer support. 7/12/25- repeated trying to contact customer care only get to chat with a bot. no agent I can talk to resolve my issue? app doesn't work, it says ""can't fetch details"" from 5 days. 15/12/25- never book your flight tickets from here cuz they give you offers and incase of a emergency where you would want to postpone/cancel it, you have no option cuz the app itself doesnt work! the ticket details don't open once it's booked. lost 10k rupees & no customer care. BAD",498,travel_booking,dev_boost
429005d6-cd51-459a-918a-c57cf699f105,paytm,1,bhot bekar app he for bus booking inke hath me kuch nhi he bus ticket book kar lete he or travler passenger ko chod kr chla jata he aur inka coustomer support itna khrab hai bolte he sir isme hum kuch nhi kar sakte,214,travel_booking,dev_boost
4b4970f0-f540-49f4-8f36-f2d57cf06962,paytm,1,I have booked a train ticket 3 days ago paytm promised that ticket will be confirmed or esle I will get 3x refund amount back nor I have received any amount and more over my ticket cancelled automatically and TT has fined for boarding with ticket please don't 🙏 book train ticket from paytm it's wrost app for train ticket I want my 3x refund or I will raise complain in consumer court I have all the proof with me I'm unable to connect to chat team it's only AI bot worst App,476,travel_booking,dev_boost
0eb14f35-4c38-4e1b-ab02-4cab46173476,paytm,1,worst app.. I have booked flight tickets from Paytm and before the flight cancelled my ticket. 24 days passed but didn't received any refund yet and now the link you're giving me to raise the ticket is not working,213,travel_booking,dev_boost
de84a5a6-3b57-4aa0-a30b-2560c6e5ce89,paytm,1,Really a fraud app.I booked a bus ticket and cancelled immediately and as per the policy they told me i will get 592 as refund as per the cancelled timeline.But they gave 162 rs .When created a ticket.not responding.I.sbmitted all proofs still no reply,252,travel_booking,dev_boost
5fe3dcde-a92f-4b8a-bd48-319d2e6487b5,paytm,1,when bus operator cancel the journey refund issue,49,travel_booking,dev_boost
4e5f306f-a978-4411-9601-8d37cfa30839,gpay,1,"I’ve been facing an issue with Autopay for more than two weeks now. The payments keep getting cancelled or failing, and despite reaching out to customer support, there has been no proper resolution. This has caused inconvenience in my regular bill payments. I’m using the latest version of the app on Android. Please look into this issue and resolve it as soon as possible. Thank you",383,autopay_mandates,dev_boost
c6ae3898-1690-40a9-b002-0373b68d5718,gpay,1,I want deactivate Auto pay,26,autopay_mandates,dev_boost
f3fe80f5-f842-4460-b08f-2a3986702148,gpay,1,mujhe bahut dukh ke sath kahna pad rha hai itni badi company me complete auto payment hone ke baad use restore krte hatane k option nahi hai,140,autopay_mandates,dev_boost
27eea111-9159-4b23-8fde-b247f30461f9,phonepe,1,mere paise kha liye ye application koi dawnload mat karo Autopay hota hai mere pass proof hai 🥺,95,autopay_mandates,dev_boost
bda310f0-8b8c-4b62-8d2b-09094811073c,gpay,1,bhut hi bekar aap hai isme auto pay ka system hai jo bhut hi bad hai ise band krne ka option bhi nhi milta hai jaldi se aaj mera 149rs automatic jio hotstar me kat gya hai,171,autopay_mandates,dev_boost
5f52b530-d166-450f-b22b-0f50adea87a4,gpay,1,Not able to receive auto payment mandate for IPO payment.,57,autopay_mandates,dev_boost
ebb4446a-f081-421e-8850-d9b1273288a4,phonepe,5,app is ok but auto payment is distrabing,40,autopay_mandates,dev_boost
09eee580-7572-4648-a7e7-be449eeb15d0,phonepe,3,secure app but auto pay function is no good,43,autopay_mandates,dev_boost
12ff18ce-baa9-4713-8a59-355dd765cc19,gpay,1,the company eight network cut 589 rupees from my account.i don't know how Autopay start and today money has Automatic deduct from my account without my authority.i didn't purchase any plan on that site but also cut the money .,226,autopay_mandates,dev_boost
dc4b7eec-d29b-40c4-95a4-8a904527b3bc,paytm,1,"Paytm is a very poor and unreliable app. I had already deleted Autopay, but the payment was still deducted without my permission. This is completely unacceptable.After that, I tried to contact Paytm Help Center, but the support system is not working at all. There is no proper way to get help or talk to a real person.To fix the issue, I uninstalled and reinstalled the app, and now Paytm is not allowing me to log in. Because of Paytm’s failure, I have lost ₹599.There is no security for users",494,autopay_mandates,dev_boost
1a10b7c9-766c-4cd3-bd9c-39c81dd64852,phonepe,1,maha bakwas app khud se auto pay k date on kr deta h frzi app hai isse accha to sb gpay use kro,95,autopay_mandates,dev_boost
9127070f-f510-4d45-8e3f-f05dfe3929a0,phonepe,1,autopay delete issue Failed to delete AutoPay,45,autopay_mandates,dev_boost
93069be5-aa14-4dbb-afc3-9d8a8a648931,gpay,1,Don't use Google pay clear warning me and my many friends lose money while using Google pay one of the examples is I started autopay for premium membership of one OTT app through Google pay but I try a lot but don't able cancel that Autopay I called customer support of Google pay but no one rectify the issue 3rd Class service from that day I uninstall Google pay and start using phone pe,389,autopay_mandates,dev_boost
0d8db76a-ebec-4eda-8f47-ff19f7f8eba5,phonepe,1,i got a problem with your autopay system few days ago i wanna pay my wifi bill and i tried but as i put the no you keep pushing to place autopay that I didn't want and there is no option to cancel that suggestion so i enter my pin to skip that and immediately paused autoplay ther yesterday the bill ammount paid from my account and i got panicked where i spen that money i checked and got the answer so i need that money right now if i want to pay the bill i will pay whenever i want autopay🤬🤬,494,autopay_mandates,dev_boost
74ecb4e1-f189-4dcb-85c8-7d7b2236298a,phonepe,1,I want to set up an Autopay for daily savings but it's showing error from a week,80,autopay_mandates,dev_boost
6db64f5b-7452-4856-bcfd-a49aa5a18ced,gpay,2,autopay options can't show.,27,autopay_mandates,dev_boost
bcba1af8-149f-48fc-b7f7-07fed6bcce71,gpay,1,my googlepay application autopay not show me,44,autopay_mandates,dev_boost
74c35573-afc9-40b9-b3fe-eaa5625f1b45,phonepe,1,"Really very worst 😭😭😭 app. Don't use this app. Because your money will be debited and refund cannot be initiated... Please go with some other choice 😭🙏🙏🙏🙏🙏.I don't even want to give one star also. Because the amount debited for Autopay will not be debited back they are asking me to contact the merchant.. worst, worst,worst,worst,worst. I don't even want to give one star",372,autopay_mandates,dev_boost
d75b7b56-8a48-4ab7-857d-02ddb666882d,paytm,5,worst app Autopay is active but not showing stop Autopayment,60,autopay_mandates,dev_boost
7465da2d-613a-40d3-ae4f-575d168f7333,gpay,1,Such a disgraceful app scamming in the name of AUTO PAY,55,autopay_mandates,dev_boost
23f1a1d3-539f-496e-a228-5f86f3f115cd,gpay,1,"doesn't allow to cancel Autopay, the faq and help center has no proper guidelines. gpay app makes it impossible to cancel the autopay set for other third party apps. seems like a love triangle where we are forced to love the third party by gpay on purpose so both apps get benefitted from us. typical toxic nonsense",315,autopay_mandates,dev_boost
fc04f83f-fd1b-485b-ac01-a13254310525,phonepe,1,auto pay lag Jatan hai bar bar cancle bhi nahi hota,51,autopay_mandates,dev_boost
6712eec8-b4cc-4da9-b542-a51940865f6c,gpay,1,Autopay off krne ka opetion hi nhi h,36,autopay_mandates,dev_boost
b3a27206-62cd-4cb9-8afb-cd188f67dcf8,gpay,1,hi why are you remove auto pay option,37,autopay_mandates,dev_boost
8b737e39-01d0-47fe-b522-40edc4ca4ee3,phonepe,1,phonepe sa auto pay sa ₹219 rupees debet kar liya gaya automatic please send my ₹219 rupees transfer to me please,113,autopay_mandates,dev_boost
37088e2b-a7e4-4008-8815-8f4c75bb0cc7,gpay,3,im still confused why gpay is showing number not linked with bank account after been used for a years?,102,bank_linking,dev_boost
15ec3840-7fb4-44a1-87f2-1aa722a09e06,gpay,1,Make ❤️‍🩹s you pay. All you need to do is link your bank account on this 👍🏻👄s with your registered mobile numbsser and start the experience. sw UPI ID is a unique ID that is used to make UPI payments in place of bank account details. UPI PIN is a 4 or 6 dig,257,bank_linking,dev_boost
fe4b89ae-a3f9-4fc7-8ef2-10f675407c9f,gpay,2,"I changed my bank account linked mobile number now I am unable to add my bank account back , and when I try to add it gives me an error screen saying remove and add your bank account again I am in a constant loop from trying talking to automated chats and chats with absolutely no result. I can't even put a complaint somewhere it just sends me to automated systems. As this goes on I won't be using gpay anymore",412,bank_linking,dev_boost
add20e37-99a6-4a5d-9341-1a0b813643e2,gpay,1,difficult to add a bank account as an existing customer,55,bank_linking,dev_boost
701f57a6-97de-47c2-9201-e0d8eae497b1,phonepe,3,Mera mobile me phone pay q nhi open ho raha mobile number v bank se Linked hai or jab bhi bank account add karte hai likh raha hai ki account not found kya kare bank se sampark kare ya kya kare please solution dijiye is bare me,227,bank_linking,dev_boost
d1a633df-b85a-4762-9a67-84f67372b551,gpay,1,add bank account message not snet issue,39,bank_linking,dev_boost
03d3672b-8b41-4577-95c7-4b458fa4a14b,gpay,1,bhai bahut hi ghatiya app hai ye ek bar update kiya tha maine to upi no mere bank account se link nahi hai bol raha hai mai bank mai jake wapas KYC kiya fir bhi chalu nahi huwa.aur bank bhi mere SBI hai jo customer ko kuch jada hi support karata hai. kul milakar bat ye hai ki mera no upi number aur bank number bhi same hai fir bhi google pay app se mera sbi ka account link nahi hai,384,bank_linking,dev_boost
a3a0dbf9-53eb-4e6c-8bb8-0f6e432fb9c6,gpay,4,I'm unable to add My bank account and using Paytm,49,bank_linking,dev_boost
182bc05e-69f9-4061-8a23-5d55a6d66d4c,gpay,1,"Very bad experience with this app. Facing Bank accounts add problems always and when I am going add bank account, money is deduct from my sim but bank account not add. It happens many times.....so I do not recommend this platform.",230,bank_linking,dev_boost
e15a48ce-1f22-4d1f-9842-253a627f8b4e,gpay,4,"I added 3 Banks...one SBI and two BOI banks...In primary i selected My BOI bank...but sometimes if any person sends me an amount by searching with my name save in their phone the amount credited in SBI, not in my Primary selected bank... why it happened...it's happened to me many times... i remove bank account and again added..but same things happen 😞.. please solve my problem",379,bank_linking,dev_boost
d59b0318-19bb-4caf-ac2a-b4c0b6d29b6a,gpay,1,now gpay not working properly.. whenever go for payments always showing remove your bank account and add again.. after adding bank account problem didn't resolve.,162,bank_linking,dev_boost
69bfd891-a546-4d98-b7ce-882f68977af5,paytm,1,there is a problem in linking bank accounts,43,bank_linking,dev_boost
10d039dc-dc45-4c5d-b529-2b68ab237ef5,gpay,1,"Dear Google Pay Support Team, I have been using Google Pay for many years with my registered mobile number. My bank account and Google Pay account are linked to the same number. Earlier, my father’s and grandfather’s bank accounts were also associated with this number, because of which other payment apps sometimes automatically detect and link their accounts as well. Since updating the Google Pay app last night, I have been facing issues while using my account. The app is not functioning prope",498,bank_linking,dev_boost
aace8b4d-1e5b-47d7-bbf9-0d53d8cf2c5f,gpay,1,"I referred 5 people on Google Pay. They all installed the app for the first time and even opened their new Kotak Mahindra Bank accounts before using my referral link. According to the app, I should have received the referral reward, but I did not get anything. When I checked, the app showed “already registered”, even though all of them were using Google Pay for the first time.This issue is very frustrating and breaks trust in the Refer & Earn program. after this experience I will never use",494,bank_linking,dev_boost
8124d7b6-d8ff-4d83-9616-9cdf87a21ebb,gpay,1,I tried to add money 1400 on 16th April from cosmos bank to gpay wallet but money debited from my bank account still now 2 months gone there is no proper response from gpay,172,bank_linking,dev_boost
566f9714-2303-4951-95c6-ffea658ae47e,gpay,1,Major bug is that after sometimes it will go back to 'Enter your phone no screen'. Even though I have added my phone no and activated my bank account. Then on the next screen after adding my mobile no then enter email I'd. It gives msg 'email already added'. It just keeps in loop in this screen.,296,bank_linking,dev_boost
bc9bc61e-2cb3-4208-ba5d-ce1a62f5bed4,gpay,1,fade up with the Google pay...from last 2days I am trying to add my rupay credit card for the payments...but as soon as credit card getting added my account keep getting suspended...I have submitted the government issued id and it got activated...again as I am adding my bank account or rupay credit card it keeps getting suspended...I am facing this from last 3 days...and now I am fade up with the Google pay.....worst experience...,434,bank_linking,dev_boost
8339f986-4c51-4305-a756-8420a396e541,paytm,2,"Been using paytm for 7+ years as primary payment app but will change to another app due to this ""BAITABLE Auto-top up"" feature which gets activated when adding money in UPI lite in urgent situation Also not able to revert the money to Bank account",247,bank_linking,dev_boost
ac4faf4b-1fbc-41ef-aec7-24b51ba2acfd,gpay,2,do not add bank account problm,30,bank_linking,dev_boost
90aa75f7-bb85-4dd2-aeba-5fd1cd282b07,gpay,1,there is the problem in adding bank account.please fix the problem,66,bank_linking,dev_boost
833b145a-cd04-4c12-8b8e-89c4a6e90b0d,gpay,3,"This app is user convinient, but the isuues I'm facing for past 6 months is the 'check weather you can send message through your sim' while adding bank account but actually there is no issues in my Sim or in my bank account. Check and resolve issues if is there in gpay. Address this issued is anybody facing the same issue pls.",328,bank_linking,dev_boost
a933522c-959e-45f0-9d92-db6ba0e72801,gpay,1,From few days I'm facing a problem i can't able to reactivate my bank account after deactivating those bank accounts.And also my sim is activated now & have an activated recharge plan.The app is able to verify my number when i'm going to reactivate my gpay account then after inputting my phone number the app is able to read my otp but after reactivating my account when i'm going to relink my bank account the app is unable to reactivate my bank account.,456,bank_linking,dev_boost
11eaefd1-546e-4cac-b3bd-bf47070fa311,gpay,1,"I have just installed the app for the first time. I am not having Debit/ATM card for the India Post Bank account which I wish to use. The app is compelling me to enter last six digits of Debit/ATM card and its expiry date.... which I don't have.. I want to use aadhaar number for this purpose of linking my bank account... But, this option is not available... please help me..",376,bank_linking,dev_boost
4ed62976-8ae8-42e1-aaee-cd9fc8a7536b,phonepe,1,"Hello Sir, I am unable to link my Karnataka Bank account in UPI apps. It always shows “Technical Issue” while linking. I have tried many times daily, but it is still not working. Please check if my mobile number and UPI services are properly activated on my bank account.",271,bank_linking,dev_boost
8209d155-2b38-4259-8c07-7f55c8740bc1,gpay,1,"Many times asks adding bank account,after some days",51,bank_linking,dev_boost
df803631-e334-4b22-9ca5-cbe19b444edc,gpay,1,this is scam app by money was not refund last 10 days the customer support was use less meaning less answer was there. all days their same reply wait 1 hours money was refund but still 10 days go problem not solve 😡 don't use this app request to app people 🙏🏻,259,refund_delay,dev_boost
debc4589-d8f2-4f1a-84e1-e4951a24e10b,phonepe,1,"I have 8 years of good working experience. However, this month I faced a hacking incident and money was stolen. I did not receive any refund, and the complaint process is not working. It feels very risky. Globally, this is very important—mobile payments like PhonePe do not feel safe. In the future, there may be more theft, which is very worrying. For now, I want to deactivate my UPI account because it does not feel safe. My experience with PhonePe has been very bad due to this financial loss.""",498,refund_delay,dev_boost
89d151ca-c5e8-4284-86d5-59129b5b60e3,gpay,1,"App was phased out for americans, now my refund was given to google, no idea how or where to get my money back. google wallet IS NOT GOOGLE PAY.",144,refund_delay,dev_boost
ceab564e-8bf9-4696-be23-36c74d9b90de,paytm,1,this is not good autoplay name this is third party customerizes please the my amount refund friend this is app na not use logout me third party happies tie up my amount is credited please use the Paytm please uninstall only use the bank account this is fake,257,refund_delay,dev_boost
44cc7675-5126-49c5-b84c-d52fa21a5e9b,gpay,1,galat jawab payment ho gaya hai refund hoga ya nahin,52,refund_delay,dev_boost
ffcd7f30-4ede-4b6f-9341-319cb126a0cf,paytm,1,payment failed. 3days after money notrefunded. more time asked statement and sened but problem not solved. no money back. please don't choose risk.,147,refund_delay,dev_boost
be097b2b-1ad8-4fbd-ba45-03715ec885ab,gpay,1,"You can use any UPI app you want but my experience with gpay was not that good 😐Till today it has not refunded me my money of Rs 2700 which I had given to my uncle, the money was debited from my account but did not reach him, even my internet and bank transactions were working perfectly.",288,refund_delay,dev_boost
55a70a40-ce49-41c3-9052-10df605c4a86,gpay,1,I am really disappointed because of a refund issue I am haven't received it yet and it's been more than 25 days and there is no positive or commitment provided when I will receive the refund i have used another apps but usually it takes 7-10 working days it broke my heart to write this review but I have too so that you guys can improve it,340,refund_delay,dev_boost
c05501ff-3bc4-4a61-b92e-568f3b854552,paytm,1,refund time is over but the are not refunded yet very bad app,61,refund_delay,dev_boost
c703e000-4795-4d76-bb4e-9ab2888e9c14,paytm,1,i havent got my refund in 2 weeks. Airline has already been refunded to paytm but i havent get refunded on my account. customer service is also very bad. i cant contact them with another phone number and cant talk to human also.,228,refund_delay,dev_boost
a5a9b3bb-c415-48f1-9396-058526c9e27a,paytm,1,Fraud app patym fastag money not refund ticket I'd already open but not respond 4 years .....,93,refund_delay,dev_boost
6918643a-9d28-4dde-9bea-662037d23f78,paytm,1,refund nahi aata hai,20,refund_delay,dev_boost
1cf277ad-1030-494d-b24c-3d9c69b8eb26,paytm,1,bed app. travel ticket cancel huaa but refund nhi mila . amount 1387 tha. fake app. do not use.,95,refund_delay,dev_boost
feff6ac7-aa03-4534-809a-41f1a03844cd,paytm,1,My fastag refund not done till date .It is risky to use pay TM.,63,refund_delay,dev_boost
2b68699a-8e81-47a7-85d5-0a1b66e04c54,paytm,1,paytm promised that refund instantly I raise ticket on 19th October Every 48 hour I received message your we are looking to it but still not resolution I hate paytm service 🙃 cheater not loyal worst experience,209,refund_delay,dev_boost
46ec2108-9385-438c-bddc-5c2e360332bb,gpay,1,I tried to recharge for 199rs amt got debited but refund not settled yet these guys thinks AI is cool for customer support but it sucks AI may be solution but it's not an expert,177,refund_delay,dev_boost
e1ec6553-2bcf-4383-89f9-5fba3c00040b,paytm,1,I am using paytm from 7 years i didn't see any problem in those days but now from few days I am facing so many problems like my bus got cancelled I raised complaint against it to get refund but it was under process from so many days and my paytm app is also not working whenever I open it says download it from Google playstore. I already tried but it didn't work I tried everything it's not working. What should I do. paytm app version - 10.84.5 OS version - 13.0 Device model - Oppo f19 pro+ 5g,496,refund_delay,dev_boost
f9e53559-a89f-4143-9a98-2778cf01e818,gpay,4,Worst customer support my money not is refunded in almost a month every time when I try to connect with customer support they keep telling me to wait and your refund will be in account in 3 days but not received yet.,216,refund_delay,dev_boost
301e317c-0ba2-4adb-a5c9-d1c004a8956f,paytm,1,Trying to reach paytm for refund From a long time.. It's literally not possible to get to talk to a customer care agent. Worst experience ever!,143,refund_delay,dev_boost
0a525cc7-ca40-4524-8369-08efbb009e65,paytm,1,"i have booked and cancel a airticket for mg flight from shreenagar to udaipur they issued refund of around 13000/- in UPI account which does not exists. and they are asking me for proof that that account does not exists, no one from their side talking, and on calling tk customer care there is no option to talk about this. This is 100% cheating that you guys are returning refund in the account which is even not registered with you. (as you charged extra money to give refund, its your duty)",493,refund_delay,dev_boost
66a22aa3-b98f-4553-a1f4-7c2ccadcfcd9,gpay,1,"Gpay showing Payment of Rs.5767 failed while paying to the shop on 22 oct 25 and deducted same amount by Gapy , then raise complaint about same then they shown payment will refund in 3 working days but it's been 4 days now I have not received refund . very pathetic service from Google Pay.",290,refund_delay,dev_boost
24aaa2f1-2d58-4dd1-b3cd-acdd82de7cce,phonepe,1,my money has not been refunded while i wask making payment never using phone pe again and telling everyone not to use it refund my money,136,refund_delay,dev_boost
b3c4ddf7-b76b-4a43-b796-47fa5156ea5f,phonepe,1,"I lost 1000 rs due to this app, i pay through this pay wallet and payment failed and I didn't receive refund. not it's help window isn't even working.",150,refund_delay,dev_boost
bcf1e8bf-6f9f-46ba-824d-73f06154bb71,gpay,1,"hello sir, i resently use google pay I wil pay money and payment cancelled but few time letter my account money debited google play customer care say refunded withen 3 working days but 4 day pass but my money has not received very bad experience please solve my problem thankyou",278,refund_delay,dev_boost
81628b97-b1fd-499d-bc61-1b18e00567a8,paytm,1,"No customer support, worst for travel booking, refund not initiated for cancelling flight booking even after 7 days.",116,refund_delay,dev_boost
2ad957b2-4aee-46bd-96e4-50069c4b3397,gpay,1,after the app update I can't pay the electricity bill with axis ace card what's wrong with u guys,97,bills_recharge,dev_boost
efb4c1e7-273e-4ccb-944f-1baf6339a0f1,gpay,3,"There should be an option to pay a custom bill amount for electricity bill, postpaid mobile bill etc.",101,bills_recharge,dev_boost
1225f1b2-0523-41b8-be26-b6c423353f43,gpay,4,I am using Google pay from 2-3 years my experience with this app is very nice. But suddenly from 2 days I'm having issues with the opening of mobile recharge section and electricity bill section. I want to pay my bills but it is not opening don't no why please solve this issue,277,bills_recharge,dev_boost
23412665-1434-4eab-b74c-c6963a862a11,gpay,1,my gpay is not working well. When I click on the option to recharge my mobile and electricity bill it doesn't open. please fix this problem.,140,bills_recharge,dev_boost
2768785b-8914-4c06-8c62-4b622336a453,paytm,5,why electricity bill payment changed..? i tried with NetBanking option.. but it's directly goes to processing page.. instead of bank login credentials,150,bills_recharge,dev_boost
451836bb-87b2-4ec4-a00f-0f1a7cb46a06,gpay,1,very nice very easy to operate while sending pending electricity bill copy to whatsap it takes long time in sharing pls solve this issu6,136,bills_recharge,dev_boost
a9dcea80-ac62-454d-9094-64bce00d879a,paytm,1,recenty 1 day before I pay electricity bill but bill in process till now I'm get penalty from jvvnl my money also deducted but bill status pending no good customer care support don't use paytm for bill payment ....,214,bills_recharge,dev_boost
a36c57fa-8405-4f4e-9635-15568d481e9c,gpay,1,cant recharge my phone and also my electricity bills updates are becoming worst i dnt like the updates at all better fix it you are jst worsening my problem more.,162,bills_recharge,dev_boost
6607200f-55b9-4ae5-99a5-8c2b0a4a82b9,paytm,1,I pay 4500 rs my electricity bill by this app my amout is deducted but not reflected in my electricity bill i call to paytm help line they told payment is done ask your electricity providers. I go to UPPCL office they told we are not received any payment talk to paytm. very poor aap don't use it,296,bills_recharge,dev_boost
93824a1b-0277-4f08-94e1-661ac7052eee,gpay,3,"I recently tried to pay electricity bills through google pay, the app is not responding and after a few seconds it is crashing. after installing the recent updates it is crashing. note : I am using the latest version of this app",228,bills_recharge,dev_boost
d728ed8c-6c4d-4bc7-8265-406cb6e06ca4,paytm,1,system not updated recharge plan not updated,44,bills_recharge,dev_boost
078a193f-f922-4139-8dd0-e3d180f8f65d,phonepe,1,"worst customer care support ever, never going to recommend to any one to use this iam going to delete the app after the issue with the electricity bill payment processing issue. To all the people who's watching the rewies delete this app immediately if you are using or if you are new do not download it even by mistake 🙏",321,bills_recharge,dev_boost
81af5490-b1a1-4c6a-81cf-421d5b7e7e0d,paytm,1,I have recharged my mobile prepaid rs.247 from your aap as money deducted from my bank and recharge not done,108,bills_recharge,dev_boost
a7c23c6f-f497-4e32-97f7-f823b878d36d,paytm,1,it always says pay electricity bill... & the bill is always more than 20000₹...,79,bills_recharge,dev_boost
c3f17e2a-641b-464f-9282-1b0e24abdb7a,gpay,1,worst exp I had paid around 4 electricity bills but not even received a single rupee cashback,93,bills_recharge,dev_boost
dd9bf942-775a-40d6-b82b-26f226b1d3a5,gpay,3,it is freezing in samsung m33 5g while checking for electricity bill,68,bills_recharge,dev_boost
9855895f-1449-4180-a6c1-58e583ca4774,phonepe,5,love this app for electricity bill payment and for other modes of payments too,78,bills_recharge,dev_boost
731e1b74-377f-45a2-a237-9aa9cc9a88ce,phonepe,1,"Team, I am very dissatisfied with this app. This is unable to fetch airtel Black bill using the option it is asking. I am giving Airtel black Id but no help. It accepts the fixed landline number but only for partial bill payment not the entire bill.",249,bills_recharge,dev_boost
adda126c-5392-474d-8a86-3a063a2d2072,gpay,4,Smooth App for Transactions....only one thing missing Delhi Metro DMRC recharge not available in GPAY...If Delhi metro recharge will come in GPAY then this will be the ALL-IN-ONE App no other upi apps required.,210,bills_recharge,dev_boost
6fc5d6dc-e6b9-4514-9ce2-9c9cfca6be78,phonepe,1,phonepe black card is phonepe scam 10% cashback bill payment not eligible 👎👎👎,77,bills_recharge,dev_boost
de7cc235-9e9d-48bc-9599-6007fdaa256b,gpay,1,"When I have to pay my gas bill, it asks me to link it to Google Pay and by doing that, it will auto pay and the money will be deducted every month, so I never pay my gas bill or electricity bill through Google Pay.",214,bills_recharge,dev_boost
fbf9fc1c-633d-474d-a340-b8e7859efabe,gpay,1,Don't know what happens unable to add and pay my electricity bill,65,bills_recharge,dev_boost
1bde6b73-f34b-48b5-9bc9-0db6fbf002b8,paytm,1,I had a worst experience at paytm. I paid my electricity bill using paytm for the first time but it took 80rs extra for using Cc. Where as other apps provide it for free. Highly recomment to delete all details form paytm and uninstall. Worse of all app.,253,bills_recharge,dev_boost
e00093cf-4c90-4367-a78e-df637a1c3c02,gpay,5,"I have been using Google Pay for a long time and honestly, it has made my life so much easier. The app is super smooth, very secure, and fast - I can send and receive money instantly without any hassle. I love how it automatically keeps track of all my transactions, sends me instant notifications, and gives me cashback and rewards from time to time. The interface is clean and easy to use, even for someone who is not very tech-savvy. I can pay my electricity bills, recharge my phone, pay at",494,bills_recharge,dev_boost
7ca82467-46eb-490a-bad5-ecb8092c9b18,gpay,2,Google pay kai baar bill payment ke msg dikhata hai jabki vo paid hote hai.....mera electricity bill paid tha phir bhi muje msg aaya jabki bill paid tha or naya bill issue hi nahi hua tha or meine vo payment kar bhi di ab mere paise vaaps kon dega?,248,bills_recharge,dev_boost
17d9c550-5850-4c81-abec-80500701f8a9,phonepe,1,my phonepe is blocked. I requested for unblock and mailed to the phonepe team but still no response from the phonepe side. I raised too many tickets. but no response from your side. still my account is blocked. till date 10-06-2026,231,account_blocked,dev_boost
d3065c1b-d065-45d1-a252-055d33cd987b,phonepe,1,"last 10 days I have multiple times raise tickets and messages you with bank passbook and pan card but my account are not unblocked , so very bad experience, in future in family and my friends circle I have never suggest phone pay app due to very poor customer supports . they are also blocked my other accounts permanently without any before messages or text noticed. it's very bad experience.😥😥😥😥😫😪😪😓😥😥",403,account_blocked,dev_boost
59e78d46-a8b7-43b9-9df8-146069c815e3,gpay,1,Extremely disappointed it was working fine before suddenly it was said my bank account was frozen went to bank branch everything is working fine still can't add bank account if there was negative star option would've given infinite negative stars,246,account_blocked,dev_boost
6fcebc9e-4469-432f-85b1-106592cee40c,phonepe,1,Don't download this app it has blocked my account and I have missed my SIP . I've tried contacting customer support but it always says the same thing it's been a month and it's still not fixed very bad experience 👎🏻👎🏻,217,account_blocked,dev_boost
d28fb947-dd3e-4428-90de-2cafbed49510,phonepe,1,"worst experience no proper customer support, my account is blocked without knowing any reason it is showing some security reasons without proper intimation how could they block my account I already raised support tickets from their help center and a week completed but they are not responding and solving my issue.",314,account_blocked,dev_boost
8781c3ca-d745-4ba3-85f0-2fb32a5cd4fb,phonepe,1,"worst service. My IPO auto pay amount blocked even after IPO closed, as shares not allotted, amount should be unblock. but even after 15 days of ipo close amount still blocked. no response from support even after so many represents. the contact number mentioned here is not reachable. such a worst attitude. i am switching off my phone pay account",347,account_blocked,dev_boost
4aa9dec6-c9c5-4dd4-b78b-3f745a533fc5,gpay,1,"Terrible experience! My account was suspended, and despite multiple attempts to reactivate it, nothing worked. I contacted customer support several times, including phone calls, but they failed to resolve the issue. Instead of helping, they permanently blocked my account. This is extremely frustrating and completely unacceptable. I expected proper support and a fair resolution, but received neither. Very disappointed with the service and how this issue was handled. 😡😤😒",473,account_blocked,dev_boost
a59162a4-a396-4fd7-8c82-25dde30eb81e,phonepe,1,"PhonePe support system is very poor. They've blocked my account. And when I go to support and upload documents to unlock my account, they're not uploading.It is showing since 2 days that it will be unlocked after 24 horses but it has reached 48 horses but it has not been unlocked yet.",285,account_blocked,dev_boost
f3d5a5da-b474-4c61-90e3-be534310b501,phonepe,1,My PhonePe account has been blocked permanently.I have approximately 1200 in my UPI Lite balance. tell me the process to refund this balance,140,account_blocked,dev_boost
8115fe69-1ae5-4b03-a9bd-f8b99704c720,phonepe,2,Why my account is blocked,25,account_blocked,dev_boost
3a4bbf90-2dba-4da0-8759-e49063238cd9,phonepe,1,"worst app, blocked my account and unable to upload documents.",61,account_blocked,dev_boost
500c4b8a-7829-443c-9e7e-e22b5be917aa,gpay,1,bakwaas account suspended ho raha hi,36,account_blocked,dev_boost
57bb392e-54a5-4cda-b486-536d6be92d01,phonepe,1,my account is blocked but customer support not responding very poor service,75,account_blocked,dev_boost
8ad55bc8-b916-4bd9-b938-8b9d42d3c00f,phonepe,1,"Sir, my PhonePe account is blocked for a long time. I have not done have not committed any wrongdoing of any kind",113,account_blocked,dev_boost
15930bf5-57f0-46d9-89d1-6c0962f0e6f0,paytm,1,paytm my account mobile number blocked please unblock my number i send email also they not responding Version 10.79.1 Motorola edge 60 pro,138,account_blocked,dev_boost
9d16a851-27c2-44fa-95bf-5ea48ed6c54f,paytm,1,"Paytm is incorrectly detecting my non-rooted Vivo Y200 5G as a rooted device and immediately closing the app.I even tested my registered SIM on another device, where Paytm clearly showed “Access Denied – Your mobile number has been blocked from accessing Paytm.” Level 1 support has only sent repeated generic responses saying my login pattern does not meet their internal security criteria.I am completely locked out of my account and not even access in-app support.I need actual review & resolution",500,account_blocked,dev_boost
8aef78df-2098-43cc-a103-4299308a9ea7,gpay,1,"It's a really bad app, bank accounts are not secure, hackers can easily get in. ,,This app has frozen my bank account,,,The customer care people are absolutely pathetic and do not resolve the complaints. Please do not download this app and get hurt.",249,account_blocked,dev_boost
cb173058-0cb5-46ed-8a20-6847adc76f0a,gpay,1,My Account suspended from past 6 month I tried many times through mails or through customer care but no response worst service provide by Gpay hell even I told all my friends family member to uninstall this app and never use gpay in future zero star,249,account_blocked,dev_boost
10b2d750-7844-4a89-bfe8-3c28135041c2,gpay,1,"Extremely poor experience. Account gets suspended without any reason and supports take so much time to resolve issues. I am currently facing an issue with UPI lite, it's Day 15 and they still didn't fix it.",206,account_blocked,dev_boost
14389d0b-a3cb-4505-8c51-de720e44c62a,paytm,3,"my app stopped working, it shows ur account temporarily suspended & area restricted. what to do ????? I tried a lot but it is not responding",140,account_blocked,dev_boost
0c980ab6-bf87-4a92-95b0-933cce64e93e,phonepe,1,"I my phonepe account is blocked, I tried to contact customer care but no response, my money in phonepe wallet and I can't use that . I can't understand why there is no option to talk with a human agent. Poor service",215,account_blocked,dev_boost
9a8df655-a29c-44d7-abb8-8f225df6b9d1,paytm,1,This app is fraud.They have blocked my account because they say that my account was involved in fraudulent transaction.I have tried a lot to get my account active bus customer case doesn't responds at all.Once they were saying that my account is gonna get unblocked soon but it has been more than a year and that account is still blocked,337,account_blocked,dev_boost
f16e08cd-c797-4ebc-a4c8-62cb4c916297,phonepe,1,my phone pay account permanently blocked so i delete this app very bad app,74,account_blocked,dev_boost
e03ee01b-7de6-4ba5-9123-2344c80f0bc7,phonepe,1,very bad application my account blocked by unusual transactions show my account I don't now unusual transactions where found my account.I have talked already support team but no resolved my query. so any one transaction is not unusual.,235,account_blocked,dev_boost
37b0b393-ac35-4427-babc-98fb6c746f92,gpay,1,"The worst app I have ever seen ,they mention to get reward for mobile recharge fellow the same step and make recharge but no reward I'm getting just waste for my platform fee I paid extra for that.",197,fees_charges,dev_boost
c129f1fc-5d16-4342-a3e4-502f883a4731,phonepe,1,extra charges for bills amount,30,fees_charges,dev_boost
d0a3c889-fefa-43cc-a5f8-1ceee5812938,paytm,5,"Paytm is one of the best apps for sending money online to anyone, without any extra charges, and it's a Very fast and secure payment app. Thanks One97 Communications...♥️",170,fees_charges,dev_boost
6b6c35fd-cda7-4f25-908a-57b7b922612f,gpay,1,"I hate this app, it's secure and simple .But it loses its value when it comes to offers .It gives worthless offers which have no use for me , at least give some useful one as per the locality .And giving 1 or 2 rs cashback is like giving coin to beggars.If you can't give good cashbacks then stop providing them and improve other things . And the new issue is the coupons are not working on payment,plus additional platform fee is deducted instead , without cashback.",467,fees_charges,dev_boost
3faaa549-078e-48c4-9988-18cd8212a4d8,paytm,1,don't invest in gold it's total fraud and has many hidden charges.,66,fees_charges,dev_boost
911bd388-4309-4410-913f-a8d48f6055bd,paytm,1,no good extra charge with mobile recharge,41,fees_charges,dev_boost
69878e42-7762-4ac7-bf81-c7aeda269075,paytm,1,started unnecessary platform fees. we are not dependent on you. there are so many fake reviews here.,100,fees_charges,dev_boost
50942c57-9dd1-4138-8eb1-92fe30294d06,phonepe,1,extra platform fee,18,fees_charges,dev_boost
6d5a8d86-090e-4c6e-bad1-ae29d78bcd92,phonepe,4,experience is good but platform fee is high,43,fees_charges,dev_boost
f7a4ef45-3755-4f02-a73c-1330e4ee28c9,phonepe,1,"now it charges platform fee for payments when we ask for reason it's for maintaining their infra and operating costs, not sure how other app partners giving without charging platform fee worst app ever seen if there is zero/negative rating Il give it too..continuosly failing to book a redbus on phonepe...update",312,fees_charges,dev_boost
318b9289-6e95-4b1e-b14a-ace5de587c89,phonepe,1,"PhonePe is slowly turning every transaction into a source of extra charges. Earlier, recharges were free, then ₹2 was charged, and now it has increased to ₹5. Even FASTag recharge has an additional fee. Small charges may seem insignificant, but they add up for regular users. This feels like customers are being charged at every possible step. Profit is important, but customer trust is more important. Paytm’s experience should be a lesson. PhonePe should focus on fair pricing and customer satisfac",500,fees_charges,dev_boost
a5e1834b-e50f-4cf2-8fe9-25e8142557ac,paytm,4,you taken platform fee 1.80 why you taken 1.80? why you take only 1 rs charge this is loot from customer.,105,fees_charges,dev_boost
dd124a5b-24a9-48ec-bf43-e0c5de6d1bb6,phonepe,1,"Horrible experience! I used to pay my electricity bills through Amazon Pay, and it was great. But today, I paid an electricity bill of ₹8,762 through PhonePe, and they charged an additional ₹3 as a platform fee and ₹184 as a convenience fee. 😱",243,fees_charges,dev_boost
06790a55-419c-4f0e-8f74-45edb8180cf9,gpay,2,"Overall, good app but there's nothing different when compared to others like PhonePe, Paytm, etc. Gpay charges convenience fees for every mobile recharge/bill that you pay. It's very low around 1.5 Rupees, yet why would I pay? I recharge for 5 family members/month. And sometimes upto 3 extra recharges for a friend or a special recharge. That's Rs. 90/year + Extra recharges= Rs. 120+/year. So I switched to Samsung wallet who asks 0 convenience fees. Imagine 10cr recharge/day, Gpay makes 15cr.",496,fees_charges,dev_boost
5aa8f1e1-d1cc-4ff7-96b8-5f37683f5901,phonepe,4,it's too good for beginners and for anyone but I request to add more offers and coupons just like other platforms and make the recharge platform fee lower,154,fees_charges,dev_boost
a09b9aa3-33a4-4cc4-96fc-5188c9d2cc95,phonepe,1,deactivated because of extra charges.,37,fees_charges,dev_boost
410939a7-a2c1-4a28-892a-665f3ccfb619,gpay,3,platform fee lena band hota to fir accha hota😥🙏,47,fees_charges,dev_boost
0eac5c8a-bf5d-46ec-81bb-4a4ce6f5c72f,phonepe,5,extra charge on mobile recharge..Google pay tottaly free,56,fees_charges,dev_boost
f1e9bed6-7f70-4ffe-8ed6-93483ce20565,gpay,1,Thieves with irrelevant rewards. No cashback plus platform fee.,63,fees_charges,dev_boost
21e316b7-7055-4c87-871b-614c4f6836c8,phonepe,4,Quick and helpful for all kinds of recharge and payment of bills ....one star less for extra charges on recharges,113,fees_charges,dev_boost
2d66f28c-3107-4d7f-bdf2-3ba50d121a52,phonepe,2,"convenience fee and platform fee is too high on recharge, bill payment using credit card among all apps.",104,fees_charges,dev_boost
9138c51a-d324-435c-9154-be06a52aa2bc,gpay,1,"gpay uses strategy with iffyou wat 1 rs reward give 2 rs platform fees ,big joke, dont trust any more on gpay,swich on made in india apps",137,fees_charges,dev_boost
e23bf4ee-4558-4446-921f-8e4232ce6e49,phonepe,1,Convenience fee is very high. do something for it.,50,fees_charges,dev_boost
20b90845-444d-4d61-a429-f6c4e48a0998,phonepe,1,Mobile recharge platform convenience fees upi se be please stop very bad options bhai logo phonepe isko use krna band kr do bhim app use kiya kro 299 ke recharge pe 3rs charge lena very High yah to total fraud kar rahi hai,222,fees_charges,dev_boost
aa3b5a31-1f11-45fd-9da5-1a51233312e2,phonepe,1,"hallo guys don't use phone pay they deducted hidden charges in electricity bill,mobile recharge, etc similarly use amozon pay they give more discount and better costumer support. [phone pay deducted 10.50 in electricity bill as a platform charges and 4 ruppes in mobile recharge try amozon pay then come in review section write your experience 😇😇😇",347,fees_charges,dev_boost
