review_id,app_key,rating,review_text,payment_failure,refund_delay,login_otp_kyc,account_blocked,bank_linking,app_performance,ui_ux,customer_support,fraud_security,rewards_cashback,fees_charges,ads_spam,bills_recharge,autopay_mandates,investments_gold,travel_booking,general_praise,uninformative,churn_intent,competitor_mentioned
473aea43-bb0e-4e4e-be71-ef83902424d0,phonepe,2,"Hi Team, My account has been blocked. I My accour haven't done anything wrong. Please review it and unblock it Mobile",,,,1,,,,,,,,,,,,,,,,
53563c8c-52b1-4925-a51d-d01a2e1d5e4a,paytm,3,I updated the app not working error show device integrity check failed root access or system modification show app not open not working warning 61007 help,,,,,,1,,,,,,,,,,,,,,
bbfc5744-c6ba-4bd8-8299-eda4267d4807,paytm,2,"upi lite function not working. I had added Rs. 5000 in that, but not when I proceed to payment, the blank page appears and no payment is done. kindly help in the matter or refund it back into the account.",1,,,,,1,,,,,,,,,,,,,,
34bd5ac6-3750-43ad-980d-b2b6e952c9f7,phonepe,4,good,,,,,,,,,,,,,,,,,1,,,
7d000ab1-60f5-47ed-ade9-4a56b7a9b51c,phonepe,1,transation problem is more then ...,1,,,,,,,,,,,,,,,,,1,,
028ffbc9-df9e-48d3-8ea4-443473fa9fb1,gpay,3,To keep the UPI id of choice should be permissible like BHIM app which allows users to edit the UPI id. While google pay offers a selection of UPI id from available options which is not preferable.,,,,,,,,,,,,,,,,,,,True,bhim
233cfad8-e46b-47f1-8a20-b4bf3ec45743,phonepe,3,good,,,,,,,,,,,,,,,,,1,,,
20082214-f860-4f0d-995c-526c55eb2fd3,gpay,3,Good,,,,,,,,,,,,,,,,,1,,,
ae0dd14d-7919-43dc-b0db-2a744ad4e16e,phonepe,5,good job,,,,,,,,,,,,,,,,,1,,,
1557a343-a613-4e84-ba55-084e4f329766,paytm,1,Useless app not working properly.,,,,,,1,,,,,,,,,,,,1,,
a15485b7-ca28-4cef-998b-acf8b2033e48,phonepe,3,kindly add a suggestion option in the application. There are only predefined ai based support options only. what if the customer wants to suggest some points for a better user experience and accessibility? what if the predefined options are not covering the issue / topic which the customer wants to raise? Suggestion: kindly add an option to filter the statement for check the transaction through cards cumulatively and separately if there are multiple cards and the features for bank accounts.,,,,,,,,1,,,,,,,,,,,,
f41345ef-7ac8-4b96-8039-c53a3244b4b4,paytm,3,valo,,,,,,,,,,,,,,,,,,1,,
56922dae-8756-4a8d-b88b-e50ea1fa2ae2,paytm,5,nice,,,,,,,,,,,,,,,,,1,,,
ac7fcb73-0be3-4b6f-9e30-1e7e58af63e8,phonepe,3,Nice Cashback is so grate Keep it up ....,,,,,,,,,,1,,,,,,,1,,,
67d31ed8-84ec-4194-98cb-cd094700b4d0,gpay,1,bad rewards,,,,,,,,,,1,,,,,,,,,,
57a75b9f-91da-40c8-bd42-fd6bf79b165a,paytm,1,"I can't open app , error Device integrity check failed .Root access or system modification detected.",,,,,,1,,,,,,,,,,,,,,
65835e9e-ee5a-44fa-977e-c33ebfcea25c,phonepe,4,good 👍,,,,,,,,,,,,,,,,,1,,,
7bfcd26d-1bc7-44fa-a1b6-fafd2b554312,paytm,5,nice,,,,,,,,,,,,,,,,,1,,,
71d8055b-47bf-4b64-901b-2f871884b9d7,phonepe,5,best apps,,,,,,,,,,,,,,,,,1,,,
35061200-c578-4483-8059-9ac852c74935,paytm,5,Best upi app,,,,,,,,,,,,,,,,,1,,,
500a14c6-19d1-44e2-a309-43208aa7d8e9,gpay,5,Nice application and user friendly one,,,,,,,,,,,,,,,,,1,,,
83703ef2-8f80-4818-bae4-fe3ebc5cedf7,gpay,5,osm,,,,,,,,,,,,,,,,,,1,,
0c49188a-5f66-4551-b6c4-ae57cd96390c,phonepe,4,ok good app ☺️☺️☺️☺️☺️,,,,,,,,,,,,,,,,,1,,,
9bbc522e-abaa-4b84-a755-10b225d15d94,gpay,1,bldy busted app. always money is gine buy 10 to 200 bucks... n their is no resolution... these r earn with our hard eard money. they r fraudulent,,,,,,,,1,1,,,,,,,,,,,
0dca3353-a911-4db6-acf7-15098f87c2f6,phonepe,5,phonepe UpI paraments Loan app the Best app phonepe app हे ॲप बहुत बढ़िया हे भारत का नं 1 UPI parament phonepe app phonepe download Now he app fake nahi he he Real ✅ app he 100% गारंटी Thankyou,,,,,,,,,1,,,,,,,,,,,
9d1b6bf0-7a77-478c-a1b0-421563ba7aff,phonepe,3,good,,,,,,,,,,,,,,,,,1,,,
4cd63554-4064-44f3-a06c-a8ed44bae9e6,paytm,5,best,,,,,,,,,,,,,,,,,1,,,
6e4d5f2f-65c2-4710-b2a7-274294438480,paytm,5,super. phone pay not working some times,,,,,,,,,,,,,,,,,1,,,phonepe
6f47db1c-e470-4d12-bd9e-96fe38aac454,paytm,3,good,,,,,,,,,,,,,,,,,1,,,
026763aa-6dbf-4e34-ad2b-a685abfab181,paytm,1,aapke dwara Jo voucher V points diye jaate Hain vah Kisi kam ke nahin Hai unse Labh uthane ki prakriya jatil Hai kripya saral banaen anyatha band kar den Baki aapka Paytm app achcha hai 😌😌,,,,,,,1,,,1,,,,,,,,,,
8799612b-7ca3-4677-9bcd-ae43f44af1c2,phonepe,5,nice app,,,,,,,,,,,,,,,,,1,,,
bc6b08a6-8ed7-43c5-a44c-8de3020fb7ca,phonepe,3,nice 👍,,,,,,,,,,,,,,,,,1,,,
e4fa9d21-dd9f-4602-a3dd-386de56b125c,gpay,1,money is gone out of my account and i have to wait for 4 days,,1,,,,,,,,,,,,,,,,,,
70e26158-763b-410c-8be3-b35cf86804b5,paytm,3,good performance,,,,,,1,,,,,,,,,,,,,,
a6a9b284-0216-46ce-963f-5fa30b7f1d70,gpay,4,"The transaction system is great and smooth, hardly faced any issues regarding that but the only thing which has no sense is the reward section, not a single useful coupon, added all unnecessary cashbacks or rewards for the apps or websites which is hardly or not at all used. Feels very stupid everytime I receive coupons for unwanted apps, I mean what's the point of the rewards then if you guys have no intent of giving actual useful ones. I hope it's improved and looked into.",,,,,,1,,,,1,,,,,,,,,,
d2836427-7941-425c-b4a0-5a317a285279,phonepe,3,good 👍 👍,,,,,,,,,,,,,,,,,1,,,
ca68bec3-8627-4d40-850f-d6a7101361f4,phonepe,4,Very good,,,,,,,,,,,,,,,,,1,,,
8a6c4ace-6d37-4303-b9fc-6e873a681f0e,gpay,1,"Very worst cheating app. shows Cash back offer in rewards for transferring money to a friend, Or by scanning at merchant outlets or for playing bills. But cash back is not giving. Instead it's promoting or advertising unnecessary or unwanted products not useful for general public, to purchase with discount. Better to use other UPI apps. It could have better if other UPI apps are used. It's really cheating and misleading public.",,,,,,,,,1,1,,,,,,,,,True,
5ae6ba92-fe90-4ba6-a2d5-fbffbaa3cbeb,phonepe,3,Very good service Thankyou,,,,,,,,1,,,,,,,,,,,,
edb21af1-2ad7-4bc0-9b79-066456ebc647,gpay,3,ok thanks,,,,,,,,,,,,,,,,,,1,,
48aa9ee9-eb76-4f7b-af64-1ddeea2f608b,phonepe,3,OTP auto reading issue,,,1,,,,,,,,,,,,,,,,,
cea442f2-fedc-4176-b8dd-e273cd9eec25,gpay,1,निम्नकोटिका निकृष्ट ऐप है जिसका नाम Gpay है भूलकर भी ऐसे ऐपका प्रयोग ना करें और ना ही किसीको करने दें अन्यथा मेरी भाँति आपको भी दुःख भोगनेसे संसारकी कोई भी शक्ति बचा ना सकेगी॥ मानना हो तो मेरी बात मान कर सुखी हो लो अन्यथा दुःख भोगो किसने रोका है॥,,,,,,,,,,,,,,,,,,1,True,
4ef3b080-3209-4d98-99e4-540c98b82e5b,gpay,5,Jai Hind,,,,,,,,,,,,,,,,,,1,,
ff41c9fe-8697-478a-92bb-062d9edc4ef4,paytm,5,very nice,,,,,,,,,,,,,,,,,1,,,
72d57901-7087-4acc-904b-5330ced05ac8,gpay,3,my cabel skor is not sho,,,,,,1,,,,,,,,,,,,,,
f896c9c7-0319-4f86-bb19-f5a2f4277d3c,gpay,5,nice app,,,,,,,,,,,,,,,,,1,,,
db427c15-e070-42d8-b84f-9a098f8552cd,paytm,3,previous time I humbly request to PayTM a back delete notification option in app but unfortunately Paytm was not accepting this request please Paytm I am humbly request to you to back delete notification option in app I also talk with your support team but your team was said I am sorry I am not accepting these type of request I am only say that please Paytm accept my request,,,,,,,1,1,,,,,,,,,,,,
1c6b51a3-702f-411f-82f7-7fc715b48a99,paytm,5,nice,,,,,,,,,,,,,,,,,1,,,
25ed50ec-2180-4bdf-84a1-80ee165cd7d6,paytm,3,I like the feature that this app provides although I have a few issues. 1. Interface is not clean. Google Pay is much more easy to use. 2. I can't see Dynamic QR code feature that lets me set the amount to receive in a particular QR code. Google Pay provides it and is easy to use.,,,,,,,1,,,,,,,,,,,,,gpay
bf4b9f4a-3df7-419b-b6f9-82c6bfc452b6,paytm,3,it's an amazing but some time cheating with refferal system,,,,,,,,,,1,,,,,,,1,,,
e9a2444a-ebfa-44df-ab6f-5c1b0d7b0aef,phonepe,5,good experience,,,,,,,,,,,,,,,,,1,,,
9d9f968d-95a5-4b3b-8cda-ba710f843e80,paytm,1,hi sir my account is blocked,,,,1,,,,,,,,,,,,,,,,
baa0a3a8-cedd-4fa5-be13-4610ab363311,gpay,5,Very Very good this application for UPI.,,,,,,,,,,,,,,,,,1,,,
1185a291-f6a9-47f8-902a-e0734ccda360,gpay,1,"Worst app, I deleted my upi lite at 20/7/2025 transaction successful came but money money not created to my sbi account 4 days back. Amount debited but the payment failed. After 3 days the team is saying that the amount is not debited from the bank account now what I do tell me my amount gone please get back my money please 😭😭😭😭 🙏🏻🙏🏻🙏🏻",1,,,,,,,1,,,,,,,,,,,,
f36b086a-2636-4d43-adce-ac1dbbbcf8bd,gpay,4,i hav an bank acnt in boi but i can't link my bank acnt to Tezz,,,,,1,,,,,,,,,,,,,,,
a6ff0d68-3e08-41a9-b646-82be1a8f8cad,paytm,1,lousy app. not opening promotional qr code.,,,,,,1,,,,,,,,,,,,,,
b689327b-2096-4d66-8810-4e36ae4bae52,gpay,3,is app mein Bahut Si suvidhaen Hain transaction aasani se ho jata hai,,,,,,,,,,,,,,,,,1,,,phonepe
a69c50f9-9cec-4918-8256-12a5e86f1050,gpay,4,someone sent to money my g pay... but money received showing in phonepe... any solution?,,,,,,,,,,,,,,,,,,,,
061d9ede-1454-4ff4-9b33-5d15c01cd3e0,gpay,3,If I send money to another person it will be debited after a huge amount of time also whenever someone sends me then it takes so much time to show the amount on balance and notification does not come on the time of transaction so there are many issues I'm facing with this UPI app,,,,,,1,,,,,,,,,,,,,,
96c826e2-36df-44e5-aec3-fb9bcd8e473f,phonepe,3,good,,,,,,,,,,,,,,,,,1,,,
88a326ff-0578-4c02-93b6-8340f0d73109,gpay,5,Hi frdss Call me,,,,,,,,,,,,,,,,,,1,,
9ce3473c-0106-427a-a253-bfb8bc53380b,phonepe,1,Phonepe wallet PhonePe Wallet pays you back! Get up to 2% cashback on select categories and all PhonePe QRs. Recharge Amount ₹299 Platform fee(inclusive of GST) +3 Where is my cashback then?,,,,,,,,,,1,1,,1,,,,,,,
842f414b-445f-4de8-ac6a-a454f545316b,phonepe,1,"I had an Autopay which was active since November 2025 and I wanted to revoke it so I applied for deletion.i checked it after 2 hours and the Autopay status showed active,I tried multiple times to delete it still it had same result,i contacted their customer support but they said it will be resolved,now it's 2 days still the Autopay is active.Useless customer support🤬🤬🤬if they debit any money from my acc,I will sue Phonepe for real😡😡😡",,,,,,1,,1,,,,,,1,,,,,,
b9ed8726-3cb4-41bf-b9dc-721720056c29,phonepe,3,mujhe kal raat se auto back ki problem aa rahi hai me bahut pareshan hu app kholte hi apne aap bahar aa jata hai kya karu,,,,,,1,,,,,,,,,,,,,,
0a80b088-e327-44b9-8b53-216ece6f9559,paytm,3,Scanner has become quite slow..need to be fast,,,,,,1,1,,,,,,,,,,,,,
8e137d13-edb7-4989-a412-b5dc240a3f5b,gpay,5,ok,,,,,,,,,,,,,,,,,,1,,
2668c9a8-0090-40f5-974e-8192df07c094,gpay,3,rectified cashback,,,,,,,,,,1,,,,,,,,,,
10a39626-3012-45c5-94ae-24f45a9029b7,phonepe,5,good 👍🏻,,,,,,,,,,,,,,,,,,,,
3616c468-407a-4365-835d-27934cf25b6d,phonepe,3,"reliable ,good ,safe but it doesn't offer cash back",,,,,,,,,,1,,,,,,,1,,,
88e735b2-075a-42ab-8803-0f495076495c,gpay,3,Ritesh babu 85,,,,,,,,,,,,,,,,,,1,,
90ada3dd-4d2f-4dd2-979f-e6474a93a03c,gpay,1,"गूगल पे ऐप में लगातार पेमेंट फेल हो रहे हैं। Processing दिखाने के बाद दुकानदार को पैसे नहीं पहुँचते, जबकि हमारे खाते से राशि कट जाती है। यह समस्या बैंक की नहीं, केवल गूगल पे ऐप की है। यदि इसका तत्काल समाधान नहीं किया गया तो हम यह मामला सीधे कंज्यूमर कोर्ट और RBI तक ले जाएंगे। पूरी जिम्मेदारी आपकी कंपनी की होगी।",1,,,,,,,,,,,,,,,,,,True,
b4b3b078-f3e8-43dc-a67c-072a432d64b1,phonepe,1,This is my worst experience. There was an amount transaction problem and it hasn't been fixed even after 3 days.,1,,,,,,,1,,,,,,,,,,,,
ccf66434-aafd-4551-a38a-5210f471db2e,gpay,2,"Google pay Conveyance fee is going skyrocketing day by day. Unless i have Axis Ace card, i had uninstalled this app long ago.",,,,,,,,,,,1,,,,,,,,True,
a3680fba-3d12-433f-aab7-cf67e5ee208b,phonepe,1,wallet isn't working unable to withdraw or transfer money worst experience,1,,,,,,,,,,,,,,,,,,,
82c879a6-3d81-4634-a227-1819ee85fe6f,phonepe,5,achca h,,,,,,,,,,,,,,,,,1,,,
b8978445-da86-4b03-a82d-a5c1933ae178,phonepe,5,easy to pay,,,,,,,,,,,,,,,,,1,,,
1a6bca1c-d2ee-421c-8735-d75c6588c075,gpay,3,Hardly we are getting cashback.... please include cashback offers,,,,,,,,,,1,,,,,,,,,,
b33c559e-867a-4980-b596-9ac8e290fdaf,gpay,1,gpay to gpay payment kiye ... lekin nehi aaya primary account mein... absolute rabbis pay,1,,,,,,,,,,,,,,,,,,,
df741e2a-36c5-403c-8a72-5840ab469337,gpay,3,some time round and round work,,,,,,,,,,,,,,,,,,1,,
915e5702-8e18-4f98-9de8-09fe8d06fde2,paytm,3,"Digital Wallet aur UPI: Paytm ne cashless economy ko badhava diya. Iske zariye log turant paise bhej sakte hain aur QR code scan karke dukano par payment kar sakte hain. Bill Payments: Bijli, pani, gas, aur broadband ke bill bharna ab chutkiyon ka kaam hai. Booking Services: Is app se movie tickets, flight, bus, aur train ki booking aasani se ki ja sakti hai. Paytm Payments Bank: Yeh users ko savings account aur fixed deposit jaisi suvidhayein deta hai. Paytm Money: Iske madhyam se log Mutual Fu",,,,,,,,,,,,,1,,1,,,,,
b26a015e-1e86-448c-af9b-9d57f6827893,paytm,1,nice,,,,,,,,,,,,,,,,,1,,,
a21d6b70-b9f1-4c8d-9abd-19ad62d59a00,phonepe,5,"Great payment app , seldom miss the payment, easy going, keep it up and kudos to the phonepe team, let us all help bharat to be digitally strong",,,,,,,,,,,,,,,,,1,,,
eaa90b4b-507f-4a54-a372-e88dc11f92c7,gpay,1,"waste and useless app, daily I am transactions thousands via swiggy delivery app didn't gave even 5 rs coupon",,,,,,,,,,1,,,,,,,,,,
d11538d4-814d-4fac-9e65-08323012e9d7,paytm,4,fantastic always good working 👍,,,,,,,,,,,,,,,,,1,,,
19d42332-c94e-4288-8a79-a6e65ac87ef7,paytm,5,Nice app. Recharge quickly. Awesome one is-when you post ur No. then immediate shows d Number locality.,,,,,,,,,,,,,1,,,,1,,,
19630361-ae6d-4176-b42b-5e68a51c0527,paytm,5,excellent service,,,,,,,,1,,,,,,,,,,,,
24ddbd39-0780-4225-b987-5797773b00b3,phonepe,5,it's is very helpful app,,,,,,,,,,,,,,,,,1,,,
4d460bec-c987-48b0-8219-9a3915f7f691,gpay,3,ठीक ठाक है,,,,,,,,,,,,,,,,,1,,,
2f838feb-c508-4e81-b366-c16e162ba2ce,paytm,5,superb,,,,,,,,,,,,,,,,,1,,,
3a09a161-96ff-4d1a-b02e-98e44b67ea31,paytm,5,it's good,,,,,,,,,,,,,,,,,1,,,
4eea441e-b7e0-405b-a168-0b69d71d53a7,paytm,5,good working,,,,,,,,,,,,,,,,,1,,,
f461ba42-8ded-4bd1-887a-683cdddbf7de,phonepe,3,It has been a boon for me since I downloaded it but now it is lagging 😕😔 How can I get solution for this problem 😔😭 I need a call from you 🙏🏿🙏🏿🙏🏿,,,,,,1,,1,,,,,,,,,,,,
1a5bdd6d-ff80-4e41-afad-8074a42c6f97,paytm,5,good,,,,,,,,,,,,,,,,,1,,,
cff987ff-c7b9-4f94-9c0c-d21885c47acf,gpay,1,it is very very worst app if any one send the money to the wrong person means in another upi apps have help desk to revoke the money but in this google pay nothing in that and in Google pay no help desk is available and transaction is very poor I am very disappointments,,,,,,,,1,,,,,,,,,,,,
deb865c3-bcc5-4358-9cbd-53ecd10e4c44,gpay,1,don't use this app this is auto pay on I lost 2600,,,,,,,,,,,,,,1,,,,,True,
f517271e-7bc8-46a6-ba61-bc556313f435,paytm,1,"showing I have installed malious app and asking to uninstall. I didn't install anything. why can't show which is the malicious one . I using Kaspersky pro antivirus installed from official website. but is there any rule, I have to install apps from playstore only?. Other UPI and banking apps works fine. one more need data+sms plan on the sim for verification ( if you are using 2 sims and if you using data+sms in another sim ? ) wt hell? I have simply using and done verificatio on other UPI apps",,,,,,,,,1,,,,,,,,,,True,
a4d3402d-4fd9-4956-8da0-8ef5fbbc6339,paytm,1,"""Paytm की लापरवाही के कारण मेरा क्रेडिट कार्ड भुगतान समय पर नहीं हुआ। दो बार ट्रांजैक्शन फेल होने से मुझे लेट फीस, पेनल्टी और मानसिक परेशानी का सामना करना पड़ा। यह ग्राहकों के साथ गंभीर लापरवाही है। यदि जल्द समाधान नहीं मिला तो मैं मामले की शिकायत Reserve Bank of India और National Consumer Helpline में भी दर्ज कराऊंगा।""",1,,,,,,,1,,,,,,,,,,,True,
f8164999-bcdb-45a8-96af-f89071ea8d32,gpay,4,I am testing UPI circle but I didn't get notification that secondary user wants to make payment.,,,,,,1,,,,,,,,,,,,,,
0df664d3-5bfd-4f3e-ae51-0b46c275ec16,paytm,1,फ्रॉड अँप refer che paise आलेच nahit,,,,,,,,,1,1,,,,,,,,,,
d780c927-9b59-4c9d-aaff-5ee00654b93e,gpay,5,very nice 👍👍👍,,,,,,,,,,,,,,,,,1,,,
69bf059e-121b-4603-bdbf-d0e2e3884eeb,paytm,5,"I’m a permanent Paytm user and would love to share my experience with you all. It is one of the best payment gateways that allows you to pay your bills, recharge your phones, and make other payments through it securely. I’ve been using it for more than 5 years and trust me I have never faced any issues. Its app is so smooth, with no technical glitches or other payment-related issues. The payment gets processed within a few seconds, which is just amazing. Also, it allows you to go cashless, so no",,,,,,1,1,,,,,,1,,,,,,,
695744e7-ab22-45f4-88f4-5354e1bb6d81,phonepe,5,good,,,,,,,,,,,,,,,,,1,,,
20b8aa5f-0d0e-4719-a1da-8bf4a3f4938c,phonepe,3,good for use and secure tu use and best to use,,,,,,,,,,,,,,,,,1,,,
2197d739-fbf5-4941-85a9-e8f1c240387c,gpay,5,v good,,,,,,,,,,,,,,,,,1,,,
998feeb6-25d4-4e24-93ee-dd1868e9fb56,gpay,5,There is no facility to get or download transaction history from Google pay. can this be included,,,,,,,1,,,,,,,,,,,,,
aeabb287-4312-471b-b2ed-e512051fe1a7,phonepe,2,"Hello Team, I am facing an issue with the PhonePe app. The app is opening normally, but touch is not working inside the app. My phone touch is working properly in all other apps, only PhonePe is not responding to touch. Please check and help me resolve this issue as soon as possible. Thank you.",,,,,,1,,,,,,,,,,,,,,
38b2b85f-e1bd-4db3-bb2a-2b00c1c4fd20,paytm,1,seems bug here asking to restart the device frequently,,,,,,1,,,,,,,,,,,,,,
cd238c00-d5e0-41fc-b369-016bea33a864,phonepe,1,"Random wallet inactivity fee charged without any communication, which is very disappointing.",,,,,,,,,,,1,,,,,,,,,
fd306bc2-4a88-458a-9d4e-199379faad73,paytm,1,"worst app ever, I have applied for Paytm AU credit card, the card has been approved and even delivered to me but the app still showing credit card application rejected alouth it has been already a month.Worst customer support ever they have not the solution and saying wait a few days",,,,,,1,,1,,,,,,,,,,,,
0c71c470-ef2c-4246-92a9-9590e4979a56,phonepe,3,"take large time back to home pag and ones I am switch off or close the app again open the app where I searched or that pag or link start that pag or application.it's come back to Home pag take extra time,and lag process to payment",,,,,,1,,,,,,,,,,,,,,
39e533ed-b3fc-43b6-a498-dc1f7416a1d0,gpay,1,"I am writing this review for your feedback, please consider it. subject: Show Timing after Processing transfer when stuck Recently I did a transaction which got stuck in processing due to the bank server, the money was deducted from my account but my money did not reach the other person So I called customer care and they said it will reach in 48 hours, however the money reached his account after 36 hours but I want to say that When my money reaches that person, its timing should also be seen up.",1,,,,,,1,,,,,,,,,,,,,
26865c5a-cdd8-4102-a791-e3db7ed989bc,paytm,5,finally paytm removed its sound while balance checking im so happy,,,,,,,1,,,,,,,,,,1,,,
1ea0956e-641e-4586-adc3-7601ad05506d,phonepe,1,"I made the payment but the payment slip is not coming, customer care is not replying at all, it is not opening, I have also attached the video, but there is no log reply in it.If you don't take 5-6 days to reply, I will go crazy. Not only one slip is not opening, there is no reply from customer care on all the other slips for hours. Oh, my money is gone and I got the proof too, how can I believe it? the customer service is to bad . that is really bad experience in my whole life",,,,,,,,1,,,,,,,,,,,,
cd378936-7861-403b-98af-7e06e0fd4b0b,phonepe,3,meassage is not poping while payment,,,,,,,1,,,,,,,,,,,,,
d598b5e4-a0d4-4a3c-9999-f5a83cc14f1c,gpay,3,Thanks for the support login and bank account add issue now resolve but it take to much time.,,,1,,1,,,,,,,,,,,,,,,
e2cb9353-1732-44b6-a0e3-5651188eb508,phonepe,2,I want a delete option in chats because I have recieved unknown person saying that you can win money through this i know this is fake and I have already blocked them but I want a delete option in chat so that I can delete the chat which doesn't belong to me,,,,,,,1,,,,,,,,,,,,,
71c6cc45-5978-4cce-85f3-f3ac256f2061,paytm,1,ye postpaid Suryoday se Pay kar raha hu 8dono se ho nh Raha what is this,,,,,,,,,,,,,,,,,,,,
f638f966-21b0-4aea-9621-4b652abc5fe1,gpay,5,when I click on scanner I can't do it I can't pay on scanner to shopkeepers,,,,,,1,,,,,,,,,,,,,,
49df4545-f777-466d-9bac-7ee9ed837b50,paytm,3,for me it's the most effective way to use upi but there is just one issue that is reward money.other upi apps give way more rewards that's why i choose other UPI applications .,,,,,,,,,,1,,,,,,,,,True,
780f12c9-7516-4870-87d9-d0b3691c6275,paytm,4,excellent,,,,,,,,,,,,,,,,,1,,,
