review_id,topics,churn_intent,competitor_mentioned
473aea43-bb0e-4e4e-be71-ef83902424d0,account_blocked,False,
53563c8c-52b1-4925-a51d-d01a2e1d5e4a,app_performance,False,
bbfc5744-c6ba-4bd8-8299-eda4267d4807,payment_failure;refund_delay,False,
34bd5ac6-3750-43ad-980d-b2b6e952c9f7,general_praise,False,
7d000ab1-60f5-47ed-ade9-4a56b7a9b51c,payment_failure,False,
028ffbc9-df9e-48d3-8ea4-443473fa9fb1,ui_ux,False,bhim
233cfad8-e46b-47f1-8a20-b4bf3ec45743,general_praise,False,
20082214-f860-4f0d-995c-526c55eb2fd3,general_praise,False,
ae0dd14d-7919-43dc-b0db-2a744ad4e16e,general_praise,False,
1557a343-a613-4e84-ba55-084e4f329766,app_performance,False,
a15485b7-ca28-4cef-998b-acf8b2033e48,customer_support;ui_ux,False,
f41345ef-7ac8-4b96-8039-c53a3244b4b4,general_praise,False,
56922dae-8756-4a8d-b88b-e50ea1fa2ae2,general_praise,False,
ac7fcb73-0be3-4b6f-9e30-1e7e58af63e8,general_praise;rewards_cashback,False,
67d31ed8-84ec-4194-98cb-cd094700b4d0,rewards_cashback,False,
57a75b9f-91da-40c8-bd42-fd6bf79b165a,app_performance,False,
65835e9e-ee5a-44fa-977e-c33ebfcea25c,general_praise,False,
7bfcd26d-1bc7-44fa-a1b6-fafd2b554312,general_praise,False,
71d8055b-47bf-4b64-901b-2f871884b9d7,general_praise,False,
35061200-c578-4483-8059-9ac852c74935,general_praise,False,
500a14c6-19d1-44e2-a309-43208aa7d8e9,general_praise,False,
83703ef2-8f80-4818-bae4-fe3ebc5cedf7,general_praise,False,
0c49188a-5f66-4551-b6c4-ae57cd96390c,general_praise,False,
9bbc522e-abaa-4b84-a755-10b225d15d94,payment_failure;fraud_security,False,
0dca3353-a911-4db6-acf7-15098f87c2f6,general_praise,False,
9d1b6bf0-7a77-478c-a1b0-421563ba7aff,general_praise,False,
4cd63554-4064-44f3-a06c-a8ed44bae9e6,general_praise,False,
6e4d5f2f-65c2-4710-b2a7-274294438480,general_praise,False,phonepe
6f47db1c-e470-4d12-bd9e-96fe38aac454,general_praise,False,
026763aa-6dbf-4e34-ad2b-a685abfab181,rewards_cashback;general_praise,False,
8799612b-7ca3-4677-9bcd-ae43f44af1c2,general_praise,False,
bc6b08a6-8ed7-43c5-a44c-8de3020fb7ca,general_praise,False,
e4fa9d21-dd9f-4602-a3dd-386de56b125c,payment_failure,False,
70e26158-763b-410c-8be3-b35cf86804b5,general_praise,False,
a6a9b284-0216-46ce-963f-5fa30b7f1d70,general_praise;rewards_cashback,False,
d2836427-7941-425c-b4a0-5a317a285279,general_praise,False,
ca68bec3-8627-4d40-850f-d6a7101361f4,general_praise,False,
8a6c4ace-6d37-4303-b9fc-6e873a681f0e,rewards_cashback;fraud_security;ads_spam,False,
5ae6ba92-fe90-4ba6-a2d5-fbffbaa3cbeb,general_praise,False,
edb21af1-2ad7-4bc0-9b79-066456ebc647,general_praise,False,
48aa9ee9-eb76-4f7b-af64-1ddeea2f608b,login_otp_kyc,False,
cea442f2-fedc-4176-b8dd-e273cd9eec25,uninformative,False,
4ef3b080-3209-4d98-99e4-540c98b82e5b,uninformative,False,
ff41c9fe-8697-478a-92bb-062d9edc4ef4,general_praise,False,
72d57901-7087-4acc-904b-5330ced05ac8,uninformative,False,
f896c9c7-0319-4f86-bb19-f5a2f4277d3c,general_praise,False,
db427c15-e070-42d8-b84f-9a098f8552cd,ui_ux;customer_support,False,
1c6b51a3-702f-411f-82f7-7fc715b48a99,general_praise,False,
25ed50ec-2180-4bdf-84a1-80ee165cd7d6,ui_ux,False,gpay
bf4b9f4a-3df7-419b-b6f9-82c6bfc452b6,general_praise;fraud_security,False,
e9a2444a-ebfa-44df-ab6f-5c1b0d7b0aef,general_praise,False,
9d9f968d-95a5-4b3b-8cda-ba710f843e80,account_blocked,False,
baa0a3a8-cedd-4fa5-be13-4610ab363311,general_praise,False,
1185a291-f6a9-47f8-902a-e0734ccda360,payment_failure,False,
f36b086a-2636-4d43-adce-ac1dbbbcf8bd,bank_linking,False,
a6ff0d68-3e08-41a9-b646-82be1a8f8cad,app_performance,False,
b689327b-2096-4d66-8810-4e36ae4bae52,general_praise,False,
a69c50f9-9cec-4918-8256-12a5e86f1050,payment_failure,False,phonepe
061d9ede-1454-4ff4-9b33-5d15c01cd3e0,payment_failure,False,
96c826e2-36df-44e5-aec3-fb9bcd8e473f,general_praise,False,
88a326ff-0578-4c02-93b6-8340f0d73109,uninformative,False,
9ce3473c-0106-427a-a253-bfb8bc53380b,rewards_cashback;fees_charges,False,
842f414b-445f-4de8-ac6a-a454f545316b,autopay_mandates;customer_support,False,
b9ed8726-3cb4-41bf-b9dc-721720056c29,app_performance,False,
0a80b088-e327-44b9-8b53-216ece6f9559,app_performance,False,
8e137d13-edb7-4989-a412-b5dc240a3f5b,uninformative,False,
2668c9a8-0090-40f5-974e-8192df07c094,rewards_cashback,False,
10a39626-3012-45c5-94ae-24f45a9029b7,general_praise,False,
3616c468-407a-4365-835d-27934cf25b6d,general_praise;rewards_cashback,False,
88e735b2-075a-42ab-8803-0f495076495c,uninformative,False,
90ada3dd-4d2f-4dd2-979f-e6474a93a03c,payment_failure,False,
b4b3b078-f3e8-43dc-a67c-072a432d64b1,payment_failure,False,
ccf66434-aafd-4551-a38a-5210f471db2e,fees_charges,True,
a3680fba-3d12-433f-aab7-cf67e5ee208b,app_performance;payment_failure,False,
82c879a6-3d81-4634-a227-1819ee85fe6f,general_praise,False,
b8978445-da86-4b03-a82d-a5c1933ae178,general_praise,False,
1a6bca1c-d2ee-421c-8735-d75c6588c075,rewards_cashback,False,
b33c559e-867a-4980-b596-9ac8e290fdaf,payment_failure,False,
df741e2a-36c5-403c-8a72-5840ab469337,uninformative,False,
915e5702-8e18-4f98-9de8-09fe8d06fde2,bills_recharge;travel_booking;investments_gold,False,
b26a015e-1e86-448c-af9b-9d57f6827893,general_praise,False,
a21d6b70-b9f1-4c8d-9abd-19ad62d59a00,general_praise,False,
eaa90b4b-507f-4a54-a372-e88dc11f92c7,rewards_cashback,False,
d11538d4-814d-4fac-9e65-08323012e9d7,general_praise,False,
19d42332-c94e-4288-8a79-a6e65ac87ef7,general_praise;bills_recharge,False,
19630361-ae6d-4176-b42b-5e68a51c0527,general_praise,False,
24ddbd39-0780-4225-b987-5797773b00b3,general_praise,False,
4d460bec-c987-48b0-8219-9a3915f7f691,general_praise,False,
2f838feb-c508-4e81-b366-c16e162ba2ce,general_praise,False,
3a09a161-96ff-4d1a-b02e-98e44b67ea31,general_praise,False,
4eea441e-b7e0-405b-a168-0b69d71d53a7,general_praise,False,
f461ba42-8ded-4bd1-887a-683cdddbf7de,app_performance;customer_support,False,
1a5bdd6d-ff80-4e41-afad-8074a42c6f97,general_praise,False,
cff987ff-c7b9-4f94-9c0c-d21885c47acf,customer_support;payment_failure,False,
deb865c3-bcc5-4358-9cbd-53ecd10e4c44,autopay_mandates,False,
f517271e-7bc8-46a6-ba61-bc556313f435,fraud_security;login_otp_kyc,False,
a4d3402d-4fd9-4956-8da0-8ef5fbbc6339,payment_failure;fees_charges,False,
f8164999-bcdb-45a8-96af-f89071ea8d32,app_performance,False,
0df664d3-5bfd-4f3e-ae51-0b46c275ec16,fraud_security;rewards_cashback,False,
d780c927-9b59-4c9d-aaff-5ee00654b93e,general_praise,False,
69bf059e-121b-4603-bdbf-d0e2e3884eeb,general_praise;bills_recharge,False,
695744e7-ab22-45f4-88f4-5354e1bb6d81,general_praise,False,
20b8aa5f-0d0e-4719-a1da-8bf4a3f4938c,general_praise,False,
2197d739-fbf5-4941-85a9-e8f1c240387c,general_praise,False,
998feeb6-25d4-4e24-93ee-dd1868e9fb56,ui_ux,False,
aeabb287-4312-471b-b2ed-e512051fe1a7,app_performance,False,
38b2b85f-e1bd-4db3-bb2a-2b00c1c4fd20,app_performance,False,
cd238c00-d5e0-41fc-b369-016bea33a864,fees_charges,False,
fd306bc2-4a88-458a-9d4e-199379faad73,customer_support,False,
0c71c470-ef2c-4246-92a9-9590e4979a56,app_performance,False,
39e533ed-b3fc-43b6-a498-dc1f7416a1d0,payment_failure;customer_support,False,
26865c5a-cdd8-4102-a791-e3db7ed989bc,general_praise;ui_ux,False,
1ea0956e-641e-4586-adc3-7601ad05506d,payment_failure;customer_support,False,
cd378936-7861-403b-98af-7e06e0fd4b0b,app_performance,False,
d598b5e4-a0d4-4a3c-9999-f5a83cc14f1c,general_praise;bank_linking,False,
e2cb9353-1732-44b6-a0e3-5651188eb508,fraud_security;ui_ux,False,
71c6cc45-5978-4cce-85f3-f3ac256f2061,payment_failure,False,
f638f966-21b0-4aea-9621-4b652abc5fe1,app_performance,False,
49df4545-f777-466d-9bac-7ee9ed837b50,rewards_cashback,True,
780f12c9-7516-4870-87d9-d0b3691c6275,general_praise,False,
